"link","location","floorTower","netSqft","pricePerSqft","priceHKDMillions","bedrooms","bathrooms","agent","tags"
"https://www.28hse.com/en/buy/apartment/property-4026383","Tung Chung Caribbean Coast","High Floor,TOWER 8,Phase 2 Albany Cove","904","11482","10.38","3",,"Midland Realty","3 Bedrooms North west Apartment CK Asset Good view Simple VR"
"https://www.28hse.com/en/buy/apartment/property-4026381","Yuen Long Park Yoho","Unit A,Mid Floor,TOWER 5A,PARK YOHO VENEZIA","945","12042","11.38","3","3","Midland Realty International Limited","3 Bedrooms , 3 Bathrooms South east Apartment SHKP"
"https://www.28hse.com/en/buy/apartment/property-4026304","Pak Shek Kok Centra Horizon","Unit J,High Floor,TOWER 9","1019","14112","14.38","3",,"Midland Realty International Limited","3 Bedrooms Apartment Garden view Elegant"
"https://www.28hse.com/en/buy/apartment/property-4026248","Tsuen Wan City Point","Unit F,Mid Floor,BLOCK 2","913","16210","14.8",,,"Midland Reality","Apartment CK Asset Sea view"
"https://www.28hse.com/en/buy/apartment/property-4026209","Tsuen Wan Sham Tseng Bellagio","Unit B,Mid Floor,TOWER 2","935","12813","11.98","3","2","Midland Realty International Limited","3 Bedrooms , 2 Bathrooms South west Apartment Wheelock"
"https://www.28hse.com/en/buy/apartment/property-4026150","Tai Po Emerald Palace","Unit B,Low Floor,BLOCK 1","1497","9085","13.6","3","3","Midland Realty","3 Bedrooms , 3 Bathrooms East Apartment Include Powder Room"
"https://www.28hse.com/en/buy/apartment/property-4025801","Tung Chung Caribbean Coast","Unit A,High Floor,TOWER 16,Phase 4 Crystal Cove","912","10855","9.9","3","2","Ricacorp Properties","3 Bedrooms , 2 Bathrooms North east Apartment CK Asset Good view Sea view Maid bedroom Clubhouse MTR nearby Shopping Mall nearby"
"https://www.28hse.com/en/buy/apartment/property-4025725","Fotan The Palazzo","Unit C,High Floor,TOWER 7","906","16556","15","3","2","Midland Realty","3 Bedrooms , 2 Bathrooms Apartment Sino Good school zone Clubhouse Maid bedroom Shopping Mall nearby Ensuite MTR nearby Balcony"
"https://www.28hse.com/en/buy/apartment/property-4025559","Tung Chung The Visionary","Unit E,High Floor,TOWER 1,BUILDING","1035","12077","12.5","3","2","Midland Realty","3 Bedrooms , 2 Bathrooms North west Apartment Nan Fung Elegant Good view Shopping Mall nearby Balcony Clubhouse"
"https://www.28hse.com/en/buy/apartment/property-4025327","Tuen Mun Castle Peak Road Spring Seaview Terrace","Mid Floor,BLOCK A","949","12434","11.8","4","3","Earnest Property Agency Ltd","4 Bedrooms , 3 Bathrooms South west Apartment Indoor Car Park Maid bedroom Shopping Mall nearby Clubhouse Ensuite Elegant Sea view"
"https://www.28hse.com/en/buy/apartment/property-4025315","Tuen Mun Castle Peak Road Spring Seaview Terrace","Mid Floor,BLOCK A","949","12434","11.8","3","2","Century 21 Sky On Properties","3 Bedrooms , 2 Bathrooms Apartment Good view Sea view Elegant Indoor Car Park Balcony Ensuite Maid bedroom Good school zone"
"https://www.28hse.com/en/buy/apartment/property-4025119","Tsuen Wan The Cairnhill","Unit A,Mid Floor,BLOCK 8,PHASE 1","1008","11687","11.78","3","2","Midland Realty International Limited","3 Bedrooms , 2 Bathrooms South Apartment Elegant"
"https://www.28hse.com/en/buy/apartment/property-4025060","Tsuen Wan Sham Tseng Hong Kong Garden","Unit B,High Floor,BLOCK 22,PHASE 3","1381","9993","13.8","3","3","Midland Realty International Limited","3 Bedrooms , 3 Bathrooms South Apartment Chinachem"
"https://www.28hse.com/en/buy/apartment/property-4025016","Fanling The Green","Whole Block,POPLAR DRIVE","1328","9488","12.6","3",,"Midland","3 Bedrooms Apartment China Overseas"
"https://www.28hse.com/en/buy/apartment/property-4024819","Shatin Dragons Range","Mid Floor,TOWER 3,COURT C","944","12659","11.95","3","3","中聯物業行有限公司","3 Bedrooms , 3 Bathrooms Apartment Kerry Mountain view Good view"
"https://www.28hse.com/en/buy/apartment/property-4024694","Tuen Mun Castle Peak Road Avignon","Unit D,High Floor,TOWER 1,大廈","1494","10710","16","4","2","Midland Realty International Limited","4 Bedrooms , 2 Bathrooms Apartment SHKP Indoor Car Park"
"https://www.28hse.com/en/buy/apartment/property-4024663","Tuen Mun Castle Peak Road The Bloomsway","Unit B,Low Floor,TOWER 12,THE LAGUNA","905","9392","8.5","3","2","Centaline Property Agency Limited","3 Bedrooms , 2 Bathrooms South west Apartment Kerry low price VR"
"https://www.28hse.com/en/buy/apartment/property-4024519","Tuen Mun Castle Peak Road Tsing Yung Terrace","Unit F,High Floor,TOWER 3","962","8212","7.9","4","3","Earnest Property Agency Ltd","4 Bedrooms , 3 Bathrooms South Apartment Balcony Ensuite Maid bedroom Sea view Indoor Car Park"
"https://www.28hse.com/en/buy/apartment/property-4024482","Sheung Shui Eden Manor","Unit B,Mid Floor,TOWER 2,BUILDING","1109","13345","14.8","4",,"Midland Reality","4 Bedrooms Apartment Henderson"
"https://www.28hse.com/en/buy/apartment/property-4024479","Sheung Shui Eden Manor","Unit B,Mid Floor,TOWER 2,BUILDING","1109","13526","15","4",,"Centaline Property Agency Limited","4 Bedrooms Apartment Henderson"
"https://www.28hse.com/en/buy/apartment/property-4024199","Tuen Mun Castle Peak Road Tsing Yung Terrace","High Floor,TOWER 3","962","8212","7.9","3","2","Century 21 Sky On Properties","3 Bedrooms , 2 Bathrooms South west Apartment Mountain view Good view City view Sea view Indoor Car Park Balcony Ensuite"
"https://www.28hse.com/en/buy/apartment/property-4024124","Fotan Royal Ascot","Low Floor,BLOCK 10","974","12834","12.5","3",,"Centaline Property Agency Limited","3 Bedrooms North west Apartment SHKP"
"https://www.28hse.com/en/buy/apartment/property-4024122","Shatin Dragons Range","Unit D,Mid Floor,TOWER 3,COURT C","944","12712","12","3","2","Ricacorp Properties","3 Bedrooms , 2 Bathrooms North west Apartment Kerry"
"https://www.28hse.com/en/buy/apartment/property-4024107","Fotan The Palazzo","Unit C,High Floor,TOWER 7","906","16556","15","3",,"Centaline Property Agency Limited","3 Bedrooms Apartment Sino Elegant Ensuite Clubhouse Shopping Mall nearby Maid bedroom Good school zone MTR nearby"
"https://www.28hse.com/en/buy/apartment/property-4023912","Tuen Mun Castle Peak Road Tsing Yung Terrace","Low Floor,TOWER 4","953","7870","7.5","4","3","Earnest Property Agency Ltd","4 Bedrooms , 3 Bathrooms South Apartment Indoor Car Park Good view Ensuite Balcony Maid bedroom Elegant"
"https://www.28hse.com/en/buy/apartment/property-4023902","Tuen Mun Castle Peak Road Palm Beach","Mid Floor,TOWER 2","1601","9369","15","5+","3","Earnest Property Agency Ltd","5+ Bedrooms , 3 Bathrooms South Apartment Sea view Indoor Car Park Maid bedroom Clubhouse Ensuite Shopping Mall nearby VR"
"https://www.28hse.com/en/buy/apartment/property-4023900","Tuen Mun Castle Peak Road Peridot Court","Mid Floor,BLOCK 5","1155","10216","11.8","4","3","Earnest Property Agency Ltd","4 Bedrooms , 3 Bathrooms South Apartment Elegant Sea view Indoor Car Park Clubhouse Maid bedroom Balcony Ensuite"
"https://www.28hse.com/en/buy/apartment/property-4023899","Tuen Mun Castle Peak Road Peridot Court","Unit B,Low Floor,BLOCK 2","1155","8381","9.68","4","3","Earnest Property Agency Ltd","4 Bedrooms , 3 Bathrooms South Apartment Elegant Garden view Indoor Car Park Clubhouse Ensuite Maid bedroom Balcony VR"
"https://www.28hse.com/en/buy/apartment/property-4023897","Tuen Mun Castle Peak Road Tsing Yung Terrace","Low Floor,TOWER 4","953","7870","7.5","3","2","Century 21 Sky On Properties","3 Bedrooms , 2 Bathrooms Apartment Good view Sea view Luxury Indoor Car Park Balcony Ensuite Maid bedroom Good school zone"
"https://www.28hse.com/en/buy/apartment/property-4023896","Tuen Mun Castle Peak Road Palm Beach","Mid Floor,TOWER 2","1601","9369","15","5+","3","Century 21 Sky On Properties","5+ Bedrooms , 3 Bathrooms Apartment Good view Sea view Elegant Indoor Car Park Ensuite Maid bedroom Duplex Apartment Shopping Mall nearby"
"https://www.28hse.com/en/buy/apartment/property-4023893","Tuen Mun Castle Peak Road Peridot Court","Low Floor,BLOCK 2","1155","8381","9.68","4","2","Century21 Sky On Properties","4 Bedrooms , 2 Bathrooms Apartment Garden view Good view Elegant Indoor Car Park Balcony Ensuite Maid bedroom Clubhouse"
"https://www.28hse.com/en/buy/apartment/property-4023886","Tuen Mun Castle Peak Road Peridot Court","Mid Floor,BLOCK 5","1155","10216","11.8","3","2","Century21 Sky On Properties","3 Bedrooms , 2 Bathrooms Apartment Good view Sea view Luxury Indoor Car Park Balcony Ensuite Maid bedroom Clubhouse"
"https://www.28hse.com/en/buy/apartment/property-4023885","Fotan Royal Ascot","Unit B,Low Floor,BLOCK 10","974","12834","12.5","3",,"Centaline Property Agency Limited","3 Bedrooms North west Apartment SHKP Elegant Balcony Clubhouse Good school zone Ensuite Maid bedroom"
"https://www.28hse.com/en/buy/apartment/property-4023882","Tuen Mun Castle Peak Road Avignon","Low Floor,TOWER 8,大廈","933","11125","10.38","4","3","Earnest Property Agency Ltd","4 Bedrooms , 3 Bathrooms Apartment SHKP Garden view Indoor Car Park Ensuite Garden Clubhouse Maid bedroom VR"
"https://www.28hse.com/en/buy/apartment/property-4023878","Tuen Mun Castle Peak Road Avignon","Low Floor,TOWER 8,大廈","933","9968","9.3","4","3","Century 21 Sky On Properties","4 Bedrooms , 3 Bathrooms Apartment SHKP Garden view Good view Luxury Garden Ensuite Maid bedroom Clubhouse"
"https://www.28hse.com/en/buy/apartment/property-4023877","Tuen Mun Castle Peak Road Palatial Coast","Unit D,Mid Floor,BLOCK 2,GRAND PACIFIC VIEW","1187","7902","9.38","4","3","Earnest Property Agency Ltd","4 Bedrooms , 3 Bathrooms South Apartment Indoor Car Park Sea view Clubhouse Maid bedroom Ensuite"
"https://www.28hse.com/en/buy/apartment/property-4023848","Shatin Greenfield Court","Unit A,High Floor,TOWER 2","1143","11969","13.68",,,"Sky Power Property Limited","Apartment"
"https://www.28hse.com/en/buy/apartment/property-4023832","Tuen Mun Castle Peak Road Palatial Coast","Unit D,Mid Floor,BLOCK 2,GRAND PACIFIC VIEW","1186","7909","9.38","3","1","Century 21 Sky On Properties","3 Bedrooms , 1 Bathroom South west Apartment Good view Sea view Luxury Indoor Car Park Maid bedroom Clubhouse Shopping Mall nearby"
"https://www.28hse.com/en/buy/apartment/property-4023751","Fanling Casas Domingo","Whole Block,House","1473","8147","12","3",,"Midland","3 Bedrooms Apartment"
"https://www.28hse.com/en/buy/apartment/property-4023646","Tsuen Wan The Cairnhill","Unit B,Mid Floor,BLOCK 5,PHASE 1","1158","11917","13.8","4","2","Midland Realty","4 Bedrooms , 2 Bathrooms South west Apartment Include Powder Room"
"https://www.28hse.com/en/buy/apartment/property-4023142","Yau Tong Peninsula East","Unit A,Low Floor,TOWER 2","999","13514","13.5","4","2","Midland Realty International Limited","4 Bedrooms , 2 Bathrooms South Apartment Wheelock Maid bedroom MTR nearby Clubhouse Good school zone Shopping Mall nearby Ensuite"
"https://www.28hse.com/en/buy/apartment/property-4023098","Yau Tong Peninsula East","Low Floor,TOWER 2","999","13514","13.5","4","3","Wings Property Consultants Ltd","4 Bedrooms , 3 Bathrooms Apartment Wheelock Sea view Luxury"
"https://www.28hse.com/en/buy/apartment/property-4023083","Yau Tong Peninsula East","Mid Floor,TOWER 2","999","13514","13.5","4",,"Wings Property Consultants Ltd","4 Bedrooms Apartment Stand-alone Building Wheelock Maid bedroom Balcony Elegant Sea view City view Good view"
"https://www.28hse.com/en/buy/apartment/property-4022946","Tuen Mun Castle Peak Road Tuen Mun Court","Mid Floor,Tuen Mun Court","1465","8055","11.8","5+","3","Earnest Property Agency Ltd","5+ Bedrooms , 3 Bathrooms South Apartment Sea view Indoor Car Park Maid bedroom Balcony Ensuite"
"https://www.28hse.com/en/buy/apartment/property-4022928","Tai Po Casa Marina","Whole Block,CASA MARINA II","1446","8645","12.5","3","2","Midland Realty International Limited","3 Bedrooms , 2 Bathrooms Apartment Henderson Good view Elegant"
"https://www.28hse.com/en/buy/apartment/property-4022927","Tuen Mun Castle Peak Road Tuen Mun Court","Mid Floor,Tuen Mun Court","1465","8055","11.8","4","3","Century 21 Sky On Properties","4 Bedrooms , 3 Bathrooms Apartment Good view Sea view Elegant Indoor Car Park Balcony Ensuite Maid bedroom Good school zone"
"https://www.28hse.com/en/buy/apartment/property-4022876","Tuen Mun Castle Peak Road Tuen Mun Court","Mid Floor,Tuen Mun Court","1465","8055","11.8","5+","3","Earnest Property Agency Ltd","5+ Bedrooms , 3 Bathrooms South Apartment Indoor Car Park Balcony Ensuite Maid bedroom Sea view"
"https://www.28hse.com/en/buy/apartment/property-4022839","Tuen Mun Castle Peak Road Elegant Villa","Mid Floor,Elegant Villa","1349","7042","9.5","5+","3","Earnest Property Agency Ltd","5+ Bedrooms , 3 Bathrooms Apartment Indoor Car Park Good view Sea view Ensuite Maid bedroom VR"
"https://www.28hse.com/en/buy/apartment/property-4022764","Tung Chung Caribbean Coast","Unit H,High Floor,TOWER 8,Phase 2 Albany Cove","904","11482","10.38","3","2","美聯物業","3 Bedrooms , 2 Bathrooms North west Apartment CK Asset Sea view Elegant"
"https://www.28hse.com/en/buy/apartment/property-4022737","Fanling Royal Knoll","Unit A,High Floor,BLOCK 1","929","10226","9.5","4",,"Midland Reality","4 Bedrooms East Apartment Grand Sea"
"https://www.28hse.com/en/buy/apartment/property-4022736","Fanling Royal Knoll","High Floor,BLOCK 1","944","10169","9.6","3","3","Ricacorp Properties","3 Bedrooms , 3 Bathrooms South Apartment Grand Sea Elegant Mountain view VR"
"https://www.28hse.com/en/buy/apartment/property-4022485","Yuen Long Yoho Midtown","Unit D,Mid Floor,TOWER M1","915","15301","14","4","3","Ricacorp Properties","4 Bedrooms , 3 Bathrooms South Apartment SHKP"
"https://www.28hse.com/en/buy/apartment/property-4022428","Yau Tong Peninsula East","Unit A,Low Floor,TOWER 2","999","13514","13.5","4","3","Centaline Property","4 Bedrooms , 3 Bathrooms North west Apartment Wheelock"
"https://www.28hse.com/en/buy/apartment/property-4022318","Fanling Mount One","High Floor,Mount One","1222","11047","13.5","4",,"Midland","4 Bedrooms South east Apartment SHKP"
"https://www.28hse.com/en/buy/apartment/property-4022304","Sheung Shui Golf Parkview","Mid Floor,BLOCK 3","1079","9175","9.9","3",,"Midland Realty","3 Bedrooms South west Apartment Hanison"
"https://www.28hse.com/en/buy/apartment/property-4022298","Tuen Mun Castle Peak Road Palatial Coast","Unit D,Mid Floor,BLOCK 2,GRAND PACIFIC VIEW","1187","7902","9.38","4","3","Earnest Property Agency Ltd","4 Bedrooms , 3 Bathrooms South Apartment Sea view Clubhouse Ensuite Maid bedroom Indoor Car Park"
"https://www.28hse.com/en/buy/apartment/property-4022249","Tuen Mun Castle Peak Road Palatial Coast","Unit D,Mid Floor,BLOCK 2,GRAND PACIFIC VIEW","1186","7909","9.38","3","1","Century 21 Sky On Properties","3 Bedrooms , 1 Bathroom South west Apartment Good view Sea view Luxury Indoor Car Park Maid bedroom Clubhouse Shopping Mall nearby"
"https://www.28hse.com/en/buy/apartment/property-4022246","Ma On Shan Symphony Bay","Unit C,High Floor,BLOCK 3,VILLA CONCERTO","1031","12609","13","3",,"Centaline Property Agency Limited","3 Bedrooms North Apartment SHKP Indoor Car Park Sea view Maid bedroom MTR nearby Clubhouse"
"https://www.28hse.com/en/buy/apartment/property-4022163","Fotan The Grandville","Unit B,Mid Floor,TOWER C,PHASE 1","922","13970","12.88","3","2","Ricacorp Properties","3 Bedrooms , 2 Bathrooms South east Apartment Wing Tai"
"https://www.28hse.com/en/buy/apartment/property-4021739","Tung Chung Caribbean Coast","Unit H,Mid Floor,TOWER 9,Phase 3 Carmel Cove","927","10680","9.9","3",,"Midland Realty","3 Bedrooms North west Apartment CK Asset Good view Sea view"
"https://www.28hse.com/en/buy/apartment/property-4021715","Tung Chung Tung Chung Crescent","Unit F,High Floor,BLOCK 8","1232","10958","13.5","3","3","Midland Realty","3 Bedrooms , 3 Bathrooms South west Apartment Swire VR"
"https://www.28hse.com/en/buy/apartment/property-4021647","Pak Shek Kok Providence Bay","Low Floor,TOWER 16,大廈","1111","11206","12.45","3","3","Midland Realty International Limited","3 Bedrooms , 3 Bathrooms Apartment Sino Elegant Ensuite Clubhouse Good school zone Balcony Good view"
"https://www.28hse.com/en/buy/apartment/property-4021425","Fanling Royal Knoll","Unit A,High Floor,BLOCK 1","929","10226","9.5","4",,"Midland Reality","4 Bedrooms East Apartment Grand Sea"
"https://www.28hse.com/en/buy/apartment/property-4021420","Fanling Royal Knoll","High Floor,BLOCK 1","944","10064","9.5","4",,"Centaline Property Agency Limited","4 Bedrooms South west Apartment Grand Sea"
"https://www.28hse.com/en/buy/apartment/property-4021377","Pak Shek Kok Centra Horizon","Unit A,Low Floor,TOWER 6","965","13264","12.8","3",,"Midland Realty","3 Bedrooms Apartment Simple Good view Garden view"
"https://www.28hse.com/en/buy/apartment/property-4021368","Ma On Shan Symphony Bay","Mid Floor,BLOCK 1,VILLA RHAPSODY","1086","10129","11","3","2","Century 21 Goodwin Property Double Cove","3 Bedrooms , 2 Bathrooms South west Apartment SHKP Garden view Good view"
"https://www.28hse.com/en/buy/apartment/property-4021322","Yuen Long La Grove","Unit C,High Floor,TOWER 5","940","10638","10","5+","3","Ricacorp Properties","5+ Bedrooms , 3 Bathrooms North east Apartment SHKP Maid bedroom Clubhouse Terrace Ensuite Shopping Mall nearby Good view"
"https://www.28hse.com/en/buy/apartment/property-4021259","Yuen Long Park Yoho","Unit B,Low Floor,TOWER 6B,PARK YOHO VENEZIA","944","12373","11.68","3","2","Ricacorp Properties","3 Bedrooms , 2 Bathrooms South Apartment SHKP Mountain view Garden view Good view Simple"
"https://www.28hse.com/en/buy/apartment/property-4021254","Tsuen Wan Sham Tseng Royal Sea Crest","Unit B,Mid Floor,BLOCK 2","1056","7955","8.4","3","3","Midland Realty International Limited","3 Bedrooms , 3 Bathrooms South Apartment SHKP"
"https://www.28hse.com/en/buy/apartment/property-4021165","Sheung Shui Miami Crescent","Whole Block,HOUSE","1795","8022","14.4","4",,"Midland Realty International Limited","4 Bedrooms Apartment"
"https://www.28hse.com/en/buy/apartment/property-4021105","Tung Chung Caribbean Coast","Unit A,High Floor,TOWER 5,Phase 1 Monterey Cove","971","9990","9.7","4","2","Centaline Property Agency Limited","4 Bedrooms , 2 Bathrooms North Apartment CK Asset Sea view VR"
"https://www.28hse.com/en/buy/apartment/property-4021076","Tuen Mun Castle Peak Road Avignon","Unit C,Low Floor,TOWER 8,大廈","933","9968","9.3","3","3","Centaline Property Agency Limited","3 Bedrooms , 3 Bathrooms South west Apartment SHKP"
"https://www.28hse.com/en/buy/apartment/property-4021011","Yuen Long Park Signature","Unit D,High Floor,TOWER 2","951","10494","9.98","4",,"Centaline Properties","4 Bedrooms Apartment New World"
"https://www.28hse.com/en/buy/apartment/property-4020929","Yuen Long The Reach","Unit C,High Floor,TOWER 10","935","1","11.38","3",,"Midland Realty International Ltd","3 Bedrooms East Apartment Henderson"
"https://www.28hse.com/en/buy/apartment/property-4020920","Tung Chung Caribbean Coast","Unit H,Mid Floor,TOWER 9,Phase 3 Carmel Cove","927","10518","9.75","3",,"Ricacorp Properties","3 Bedrooms North west Apartment CK Asset"
"https://www.28hse.com/en/buy/apartment/property-4020915","Tuen Mun Castle Peak Road Palm Beach","Mid Floor,TOWER 2","1601","9369","15","5+","3","Earnest Property Agency Ltd","5+ Bedrooms , 3 Bathrooms South Apartment Indoor Car Park Ensuite Shopping Mall nearby Clubhouse Maid bedroom Sea view VR"
"https://www.28hse.com/en/buy/apartment/property-4020852","Tung Chung Caribbean Coast","Unit A,High Floor,TOWER 16,Phase 4 Crystal Cove","912","10855","9.9","3",,"Ricacorp Properties","3 Bedrooms North east Apartment CK Asset"
"https://www.28hse.com/en/buy/apartment/property-4020813","Tuen Mun Castle Peak Road Palm Beach","Mid Floor,TOWER 2","1601","9369","15","5+","3","Century 21 Sky On Properties","5+ Bedrooms , 3 Bathrooms Apartment Good view Sea view Elegant Indoor Car Park Ensuite Maid bedroom Duplex Apartment Shopping Mall nearby"
"https://www.28hse.com/en/buy/apartment/property-4020548","Tuen Mun Village","Full floor","1400","3986","5.58","2","2","Easy House Property","2 Bedrooms , 2 Bathrooms Village House Mountain view Balcony Roof top Whole floor MTR nearby Shopping Mall nearby"
"https://www.28hse.com/en/buy/apartment/property-4020478","Tung Chung The Visionary","Unit A,Mid Floor,TOWER 3,BUILDING","1031","12609","13","3","2","Centaline Property Agency Ltd","3 Bedrooms , 2 Bathrooms Apartment Nan Fung"
"https://www.28hse.com/en/buy/apartment/property-4020306","Yuen Long The Reach","Unit C,High Floor,TOWER 10","935","1","11.38","3","3","Midland Realty International Limited","3 Bedrooms , 3 Bathrooms Apartment Henderson Mountain view Good view Elegant Indoor Car Park Roof top Terrace Ensuite"
"https://www.28hse.com/en/buy/apartment/property-4020182","Shatin Forest Hill","High Floor,BLOCK D","934","12848","12","3","2","Ricacorp Properties","3 Bedrooms , 2 Bathrooms North east Apartment"
"https://www.28hse.com/en/buy/apartment/property-4020065","Yuen Long Yoho Midtown","Mid Floor,TOWER M1","915","15301","14","4",,"Ricacorp Properties","4 Bedrooms South Apartment SHKP Good view Elegant Shopping Mall nearby Balcony MTR nearby Clubhouse"
"https://www.28hse.com/en/buy/apartment/property-4019963","Tuen Mun Castle Peak Road The Bloomsway","Mid Floor,TOWER 2,THE LAGUNA","976","11783","11.5","3",,"Midland Property","3 Bedrooms South Apartment Kerry"
"https://www.28hse.com/en/buy/apartment/property-4019683","The Lohas Hemera","Unit RB,Mid Floor,TOWER 1","928","14547","13.5","4","3","Midland Realty International Limited","4 Bedrooms , 3 Bathrooms Apartment Henderson Elegant Good view Sea view Mountain view"
"https://www.28hse.com/en/buy/apartment/property-4019580","Tung Chung Caribbean Coast","Unit A,High Floor,TOWER 16,Phase 4 Crystal Cove","912","10855","9.9","3","2","Ricacorp Properties","3 Bedrooms , 2 Bathrooms North east Apartment CK Asset Sea view"
"https://www.28hse.com/en/buy/apartment/property-4019517","Tai Wai World-Wide Gardens","Unit A,Low Floor,BLOCK 4--LILI COURT","1255","9960","12.5","2","2","Ricacorp Properties","2 Bedrooms , 2 Bathrooms West Apartment Carpark"
"https://www.28hse.com/en/buy/apartment/property-4019351","Hung Shui Kiu La Mansion","Whole Block,洋房","1615","9598","15.5","4","2","Centaline Property","4 Bedrooms , 2 Bathrooms North east Apartment CK Asset"
"https://www.28hse.com/en/buy/apartment/property-4019060","Yuen Long La Grove","Unit C,High Floor,TOWER 5","940","10638","10","3","3","Midland Realty International Limited","3 Bedrooms , 3 Bathrooms Apartment SHKP Terrace"
"https://www.28hse.com/en/buy/apartment/property-4018601","Tsuen Wan Sham Tseng Bellagio","Unit B,Low Floor,TOWER 2","935","12813","11.98","3","2","Earnest Property Agency Ltd","3 Bedrooms , 2 Bathrooms Apartment Wheelock Ensuite Clubhouse Balcony Maid bedroom Sea view Swimming Pool View"
"https://www.28hse.com/en/buy/apartment/property-4018164","Yuen Long Village","House","1400","3843","5.38","2","2","Reaching Properties Ltd.","2 Bedrooms , 2 Bathrooms Village House House Mountain view Garden view Good view Elegant Outdoor Car Park Balcony Roof top"
"https://www.28hse.com/en/buy/apartment/property-4018133","Tung Chung The Visionary","High Floor,TOWER 8,BUILDING","1034","12089","12.5","3","2","Hong Kong Property","3 Bedrooms , 2 Bathrooms North Apartment Nan Fung Garden view Elegant"
"https://www.28hse.com/en/buy/apartment/property-4018125","Tung Chung Coastal Skyline","Unit E,High Floor,(LOW-RISE) 2,LE BLEU DEUX","988","16194","16","3",,"Midland Realty","3 Bedrooms South Apartment HKR Elegant Good view"
"https://www.28hse.com/en/buy/apartment/property-4017600","Shatin Dragons Range","Unit D,Mid Floor,TOWER 3,COURT C","944","12712","12","3","2","Centaline Property Agency Limited","3 Bedrooms , 2 Bathrooms North east Apartment Kerry Clubhouse Balcony Maid bedroom Good school zone Ensuite VR"
"https://www.28hse.com/en/buy/apartment/property-4017552","Lai Chi Kok One West Kowloon","Mid Floor,TOWER 2","963","14538","14","4",,"Midland Realty International Limited","4 Bedrooms Apartment CK Asset"
"https://www.28hse.com/en/buy/apartment/property-4017524","Yuen Long Seasons Palace","Whole Block,KAM SHEUNG ROAD","926","14903","13.8","3",,"Centaline Property Agency Limited","3 Bedrooms South Apartment CK Asset"
"https://www.28hse.com/en/buy/apartment/property-4017406","Fanling The Green","Whole Block,POPLAR DRIVE","1328","9488","12.6","3",,"Midland Realty International Limited","3 Bedrooms House China Overseas"
"https://www.28hse.com/en/buy/apartment/property-4017401","Fanling The Green","Whole Block,WILLOW DRIVE","1315","9886","13","3",,"Ricacorp Properties","3 Bedrooms Apartment House China Overseas Good view Elegant VR"
"https://www.28hse.com/en/buy/apartment/property-4017385","Sheung Shui Miami Crescent","Whole Block,HOUSE","1795","8245","14.8","4",,"Ricacorp Properties","4 Bedrooms Apartment House Good view"
"https://www.28hse.com/en/buy/apartment/property-4017316","Lai Chi Kok One West Kowloon","Unit D,Mid Floor,TOWER 2","963","14538","14","4","3","Centaline Property-aqua Marine Branch","4 Bedrooms , 3 Bathrooms South Apartment CK Asset Clubhouse Good school zone Ensuite MTR nearby Shopping Mall nearby Balcony"
"https://www.28hse.com/en/buy/apartment/property-4017273","Yuen Long Fairview Park","House","902","10865","9.8","3","2","Fullsgood Property Agency Limited","3 Bedrooms , 2 Bathrooms Village House House Western Style Bldg Indoor Car Park"
"https://www.28hse.com/en/buy/apartment/property-4017222","Sheung Shui Golf Parkview","Unit A,Mid Floor,BLOCK 3","1079","9268","10","3","3","Centaline Property","3 Bedrooms , 3 Bathrooms Apartment Hanison Mountain view Garden view Good view Elegant VR"
"https://www.28hse.com/en/buy/apartment/property-4017052","Lai Chi Kok One West Kowloon","Mid Floor,TOWER 2","963","14538","14","4",,"Midland Realty International Limited","4 Bedrooms Apartment CK Asset"
"https://www.28hse.com/en/buy/apartment/property-4017017","Lai Chi Kok One West Kowloon","Unit D,Mid Floor,TOWER 2","963","14538","14","4",,"Centaline Property- Banyan Garden Branch","4 Bedrooms South Apartment CK Asset"
"https://www.28hse.com/en/buy/apartment/property-4016745","Lai Chi Kok One West Kowloon","Mid Floor,TOWER 2","963","14538","14","4",,"Midland Realty International Limited","4 Bedrooms Apartment CK Asset"
"https://www.28hse.com/en/buy/apartment/property-4016559","Lai Chi Kok One West Kowloon","Unit D,Mid Floor,TOWER 2","963","14538","14","4","3","Ricacorp Properties","4 Bedrooms , 3 Bathrooms South Apartment CK Asset Building view"
"https://www.28hse.com/en/buy/apartment/property-4016545","Yuen Long Palm Springs","Whole Block,Phase 1A (Monterey) Osmanthus Path","967","12410","12","3","1","Centaline Property Agency Limited","3 Bedrooms , 1 Bathroom Apartment Elegant Indoor Car Park Duplex Apartment Roof top Balcony Garden Ensuite Clubhouse"
"https://www.28hse.com/en/buy/apartment/property-4016537","Tung Chung The Visionary","Unit E,High Floor,TOWER 3,BUILDING","963","12461","12","3",,"Hong Kong Property","3 Bedrooms Apartment Nan Fung Garden view Good view Building view Elegant"
"https://www.28hse.com/en/buy/apartment/property-4016442","Lai Chi Kok One West Kowloon","Unit D,Mid Floor,TOWER 2","963","14538","14","4","3","Ricacorp Properties","4 Bedrooms , 3 Bathrooms South Apartment CK Asset Simple Balcony Ensuite Maid bedroom Clubhouse Garden view"
"https://www.28hse.com/en/buy/apartment/property-4016331","Yuen Long Crescent Green","Unit A,Low Floor,Tower 6,Building","937","8965","8.4","4","3","Man‘s Property Limited","4 Bedrooms , 3 Bathrooms East Apartment Road King Swimming Pool View"
"https://www.28hse.com/en/buy/apartment/property-4016229","Tuen Mun Castle Peak Road Palm Beach","Unit B,Mid Floor,TOWER 2","1601","9369","15","4",,"Midland Property","4 Bedrooms East Apartment Sea view Indoor Car Park Good school zone Duplex Apartment"
"https://www.28hse.com/en/buy/apartment/property-4016135","Kowloon Tong Ava Court","Unit F,High Floor,Ava Court","976","13268","12.95","3",,"Centaline Property","3 Bedrooms North east Apartment VR"
"https://www.28hse.com/en/buy/apartment/property-4016098","Ma On Shan Baycrest","Unit A,Mid Floor,BLOCK 1","1012","13043","13.2","3",,"Ricacorp Properties","3 Bedrooms Apartment"
"https://www.28hse.com/en/buy/apartment/property-4015850","Pak Shek Kok Centra Horizon","Low Floor,TOWER 6","965","13264","12.8","3","3","Midland Realty International Limited","3 Bedrooms , 3 Bathrooms Apartment Good view Elegant Balcony Ensuite Maid bedroom Clubhouse Good school zone"
"https://www.28hse.com/en/buy/apartment/property-4015535","Pak Shek Kok Providence Bay","Unit B,Low Floor,TOWER 16,大廈","1111","11206","12.45","3","2","Midland Realty International Limited","3 Bedrooms , 2 Bathrooms Apartment Sino Good view"
"https://www.28hse.com/en/buy/apartment/property-4015511","Tung Chung Caribbean Coast","Unit A,High Floor,TOWER 16,Phase 4 Crystal Cove","912","10855","9.9","3",,"Ricacorp Properties","3 Bedrooms North east Apartment CK Asset VR"
"https://www.28hse.com/en/buy/apartment/property-4015265","Shatin Forest Hill","High Floor,BLOCK D","934","12848","12","3",,"Ricacorp Properties","3 Bedrooms Apartment Indoor Car Park Elegant City view Roof top"
"https://www.28hse.com/en/buy/apartment/property-4015049","Pak Shek Kok Providence Bay","Low Floor,TOWER 16,大廈","1111","11251","12.5","3",,"Centaline Property","3 Bedrooms Apartment Sino Indoor Car Park VR"
"https://www.28hse.com/en/buy/apartment/property-4014956","Tuen Mun Castle Peak Road The Bloomsway","Unit B,Mid Floor,TOWER 2,THE LAGUNA","976","11578","11.3","4","3","Earnest Property Agency Ltd","4 Bedrooms , 3 Bathrooms South Apartment Kerry Maid bedroom Balcony Clubhouse Ensuite Swimming Pool View Sea view"
"https://www.28hse.com/en/buy/apartment/property-4014851","Tuen Mun Castle Peak Road Oma Oma","Low Floor,TOWER 1A","1019","11658","11.88","3","1","Ricacorp Properties","3 Bedrooms , 1 Bathroom Apartment Wing Tai Garden view Good view Building view City view Luxury Indoor Car Park Garden"
"https://www.28hse.com/en/buy/apartment/property-4014841","Tung Chung The Visionary","Unit B,High Floor,TOWER 8,BUILDING","1034","12089","12.5","3","3","Midland Realty International Limited","3 Bedrooms , 3 Bathrooms Apartment Nan Fung Mountain view Good view"
"https://www.28hse.com/en/buy/apartment/property-4014830","Ho Man Tin Harita Court","Unit ST-197,Low Floor,Harita Court","938","13326","12.5","3",,"Centaline Property","3 Bedrooms Apartment Carpark"
"https://www.28hse.com/en/buy/apartment/property-4014810","Sheung Shui Woodland Crest","Unit C,Low Floor,BLOCK 7","942","8386","7.9","3",,"Midland Realty International Limited","3 Bedrooms North west Apartment SHKP"
"https://www.28hse.com/en/buy/apartment/property-4014799","Tuen Mun Castle Peak Road The Bloomsway","Unit B,Mid Floor,TOWER 2,THE LAGUNA","976","11578","11.3","4","3","Century 21 Sky On Properties","4 Bedrooms , 3 Bathrooms Apartment Kerry Garden view Sea view Luxury Balcony Ensuite Maid bedroom Clubhouse"
"https://www.28hse.com/en/buy/apartment/property-4014684","Yuen Long Palm Springs","Whole Block,Phase 1A (Monterey) Cypress Drive","967","10838","10.48","3",,"Midland Realty International Limited","3 Bedrooms South Apartment"
"https://www.28hse.com/en/buy/apartment/property-4014658","Tsuen Wan Sham Tseng Bellagio","Unit B,High Floor,TOWER 9","901","14073","12.68","3","2","Midland Realty International Limited","3 Bedrooms , 2 Bathrooms South Apartment Wheelock"
"https://www.28hse.com/en/buy/apartment/property-4014603","Sheung Shui Woodland Crest","Unit C,Low Floor,BLOCK 7","942","8493","8","3","2","Centaline Property Agency Limited","3 Bedrooms , 2 Bathrooms Apartment SHKP VR"
"https://www.28hse.com/en/buy/apartment/property-4014424","Yuen Long Grand Yoho","Unit F,Low Floor,TOWER 8,PHASE 2","907","15987","14.5","4",,"Ricacorp Properties","4 Bedrooms East Apartment SHKP Good view City view"
"https://www.28hse.com/en/buy/apartment/property-4014379","Tuen Mun Castle Peak Road Avignon","Low Floor,TOWER 8,大廈","933","11125","10.38","4","3","Earnest Property Agency Ltd","4 Bedrooms , 3 Bathrooms Apartment SHKP Garden view Ensuite Maid bedroom Clubhouse Garden Indoor Car Park VR"
"https://www.28hse.com/en/buy/apartment/property-4014004","Tuen Mun Castle Peak Road Palm Beach","Unit B,Mid Floor,TOWER 2","1601","9369","15","4","2","Midland Realty","4 Bedrooms , 2 Bathrooms East Apartment Good view Sea view Elegant Include Powder Room"
"https://www.28hse.com/en/buy/apartment/property-4013956","Tung Chung The Visionary","Unit C,Low Floor,TOWER 5,BUILDING","945","11217","10.6","3","2","Centaline Property Agency Limited","3 Bedrooms , 2 Bathrooms Apartment Nan Fung"
"https://www.28hse.com/en/buy/apartment/property-4013924","Tai Po Constellation Cove","Low Floor,Block 1,Building","1089","12672","13.8","2","2","Centaline Property","2 Bedrooms , 2 Bathrooms Apartment Kerry Garden Maid bedroom Clubhouse Luxury Good view"
"https://www.28hse.com/en/buy/apartment/property-4013773","Ma On Shan Baycrest","Unit A,Mid Floor,BLOCK 1","1012","13043","13.2","3",,"Ricacorp Properties","3 Bedrooms Apartment"
"https://www.28hse.com/en/buy/apartment/property-4013671","Tung Chung The Visionary","Unit E,High Floor,TOWER 1,BUILDING","1035","12560","13","3",,"Centaline Property Agency Limited","3 Bedrooms Apartment Nan Fung"
"https://www.28hse.com/en/buy/apartment/property-4013631","Fotan Rosary Villas","High Floor,Block 10","1431","10832","15.5","3","2","Ricacorp Properties","3 Bedrooms , 2 Bathrooms South east Apartment VR"
"https://www.28hse.com/en/buy/apartment/property-4013555","Yuen Long Grand Yoho","Mid Floor,TOWER 8,PHASE 2","907","16516","14.98","4","2","Midland Realty","4 Bedrooms , 2 Bathrooms East Apartment SHKP"
"https://www.28hse.com/en/buy/apartment/property-4013511","Tuen Mun Castle Peak Road Palm Beach","Mid Floor,TOWER 2","1601","9369","15","5+","3","Earnest Property Agency Ltd","5+ Bedrooms , 3 Bathrooms South Apartment Ensuite Shopping Mall nearby Maid bedroom Clubhouse Indoor Car Park Sea view VR"
"https://www.28hse.com/en/buy/apartment/property-4013463","Tuen Mun Castle Peak Road Palm Beach","Mid Floor,TOWER 2","1601","9369","15","5+","3","Century 21 Sky On Properties","5+ Bedrooms , 3 Bathrooms Apartment Good view Sea view Elegant Indoor Car Park Ensuite Maid bedroom Duplex Apartment Shopping Mall nearby"
"https://www.28hse.com/en/buy/apartment/property-4013403","Tuen Mun Castle Peak Road Spring Seaview Terrace","Mid Floor,BLOCK A","949","12434","11.8","4","3","Earnest Property Agency Ltd","4 Bedrooms , 3 Bathrooms South west Apartment Sea view Maid bedroom Shopping Mall nearby Clubhouse Ensuite Indoor Car Park Elegant"
"https://www.28hse.com/en/buy/apartment/property-4013292","Shatin Dragons Range","Unit C,Low Floor,TOWER 2,COURT C","952","12479","11.88","3","2","Midland Realty","3 Bedrooms , 2 Bathrooms Apartment Kerry Ensuite Maid bedroom Good school zone Balcony Clubhouse Good view Garden view"
"https://www.28hse.com/en/buy/apartment/property-4013237","Fanling The Green","Whole Block,POPLAR DRIVE","1328","9789","13","3","2","Centaline Property","3 Bedrooms , 2 Bathrooms House China Overseas Mountain view Garden view Good view Include Powder Room"
"https://www.28hse.com/en/buy/apartment/property-4013222","Yuen Long Seasons Villas","Whole Block,KAM TIN ROAD","933","9732","9.08","3",,"Centaline Property Agency Limited","3 Bedrooms South Apartment CK Asset Garden view"
"https://www.28hse.com/en/buy/apartment/property-4013098","Fotan Royal Ascot","Unit C,Mid Floor,BLOCK 11","974","14168","13.8","3","2","Ricacorp Properties","3 Bedrooms , 2 Bathrooms North west Apartment SHKP VR"
"https://www.28hse.com/en/buy/apartment/property-4013096","Ma On Shan Symphony Bay","Unit A,Mid Floor,BLOCK 1,VILLA RHAPSODY","1086","10359","11.25","3",,"Midland Realty","3 Bedrooms Apartment SHKP"
"https://www.28hse.com/en/buy/apartment/property-4012916","Tung Chung The Visionary","Unit B,High Floor,TOWER 8,BUILDING","1034","12089","12.5","3","2","Hong Kong Property","3 Bedrooms , 2 Bathrooms North Apartment Nan Fung Garden view Good view City view Elegant"
"https://www.28hse.com/en/buy/apartment/property-4012870","Yuen Long Palm Springs","Whole Block,Phase 1A (Monterey) Begonia Path","1014","11834","12","3",,"Centaline Property Agency Limited","3 Bedrooms Apartment Good view"
"https://www.28hse.com/en/buy/apartment/property-4012836","Fotan The Palazzo","Unit C,High Floor,TOWER 7","920","15761","14.5","3","2","Midland Reality","3 Bedrooms , 2 Bathrooms North west Apartment Sino Mountain view"
"https://www.28hse.com/en/buy/apartment/property-4012824","Pak Shek Kok Centra Horizon","Low Floor,TOWER 9","1019","13248","13.5","3",,"Midland Reality","3 Bedrooms Apartment Good view Mountain view Garden view Good school zone Shopping Mall nearby Clubhouse MTR nearby"
"https://www.28hse.com/en/buy/apartment/property-4012784","Fotan Royal Ascot","Mid Floor,BLOCK 6","958","14196","13.6","3",,"Centaline Property Agency Limited","3 Bedrooms North west Apartment SHKP"
"https://www.28hse.com/en/buy/apartment/property-4012764","Tung Chung Caribbean Coast","Unit A,High Floor,TOWER 3,Phase 1 Monterey Cove","971","10690","10.38","3",,"Ricacorp Properties","3 Bedrooms North east Apartment CK Asset"
"https://www.28hse.com/en/buy/apartment/property-4012710","Yuen Long Fairview Park","Whole Block,ZONE C","1035","13043","13.5","3",,"Centaline Property Agency Limited","3 Bedrooms Apartment Elegant"
"https://www.28hse.com/en/buy/apartment/property-4012466","Tung Chung Caribbean Coast","Unit A,High Floor,TOWER 16,Phase 4 Crystal Cove","912","10855","9.9","3",,"Midland Realty International Ltd","3 Bedrooms Apartment CK Asset"
"https://www.28hse.com/en/buy/apartment/property-3881134","Whampoa Whampoa Garden","High Floor,BLOCK 5,SITE 7","962","15052","14.48","3","2","Fortune Real Estate Agency Co., Ltd","3 Bedrooms , 2 Bathrooms Apartment Hutchison Whampoa Luxury Sea view"
"https://www.28hse.com/en/buy/apartment/property-4012426","Tung Chung The Visionary","Unit B,High Floor,TOWER 3,BUILDING","1046","12314","12.88","3","2","Ricacorp Properties Limited","3 Bedrooms , 2 Bathrooms South east Apartment Nan Fung Mountain view Good view Balcony Maid bedroom Clubhouse"
"https://www.28hse.com/en/buy/apartment/property-4012313","Shatin Greenfield Court","Unit A,High Floor,TOWER 2","1143","11969","13.68","3","3","美聯物業","3 Bedrooms , 3 Bathrooms North east Apartment Mountain view Good view Elegant Roof top Ensuite Maid bedroom Clubhouse"
"https://www.28hse.com/en/buy/apartment/property-4012306","The Lohas Le Prestige","Unit RD,High Floor,TOWER 5","974","10986","10.7","4","2","Ricacorp Properties","4 Bedrooms , 2 Bathrooms North east Apartment CK Asset VR"
"https://www.28hse.com/en/buy/apartment/property-4012265","Tung Chung The Visionary","Unit D,Low Floor,TOWER 1,BUILDING","1160","11034","12.8","3",,"Ricacorp Properties","3 Bedrooms North west Apartment Nan Fung"
"https://www.28hse.com/en/buy/apartment/property-4012144","Tung Chung Caribbean Coast","Unit A,High Floor,TOWER 16,Phase 4 Crystal Cove","912","10855","9.9","3","2","Midland Realty","3 Bedrooms , 2 Bathrooms Apartment CK Asset Elegant MTR nearby Shopping Mall nearby Clubhouse Balcony Sea view Good view"
"https://www.28hse.com/en/buy/apartment/property-4012137","Pak Shek Kok Providence Bay","Mid Floor,TOWER 2,大廈","1116","11111","12.4","4","2","Midland Realty International Limited","4 Bedrooms , 2 Bathrooms Apartment Sino Garden view Swimming Pool View With tenant agreement Balcony Ensuite Maid bedroom Clubhouse"
"https://www.28hse.com/en/buy/apartment/property-4012036","Happy Valley Sing Woo Building","Middle Floor","930","11290","10.5","2","2","Hong Kong Property","2 Bedrooms , 2 Bathrooms Apartment Luxury"
"https://www.28hse.com/en/buy/apartment/property-4012011","Happy Valley Yuk Sing Building","Low Floor","976","14242","13.9","3","2","Hong Kong Property","3 Bedrooms , 2 Bathrooms Apartment"
"https://www.28hse.com/en/buy/apartment/property-4011898","Lai Chi Kok One West Kowloon","Unit D,Mid Floor,TOWER 2","963","14517","13.98","4","3","Midland Realty","4 Bedrooms , 3 Bathrooms Apartment CK Asset Sea view Luxury Balcony Maid bedroom Clubhouse MTR nearby Shopping Mall nearby"
"https://www.28hse.com/en/buy/apartment/property-4011782","Tai Po The Beverly Hills","Whole Block,HOUSE NO.65,BOULEVARD DE FORET","1606","9838","15.8","4","4","Midland Realty International Limited","4 Bedrooms , 4 Bathrooms House Apartment"
"https://www.28hse.com/en/buy/apartment/property-4011701","Tai Po Richwood Park","High Floor,BLOCK 4,BUILDING","1040","8606","8.95","3","2","Centaline Property","3 Bedrooms , 2 Bathrooms Apartment Garden view Indoor Car Park Elegant Balcony Clubhouse Ensuite Maid bedroom"
"https://www.28hse.com/en/buy/apartment/property-4011377","The Lohas Le Prestige","Unit RD,Low Floor,TOWER 1","977","10747","10.5","5+","3","Midland Realty International Limited","5+ Bedrooms , 3 Bathrooms North east Apartment CK Asset Good view Garden view Mountain view Elegant"
"https://www.28hse.com/en/buy/apartment/property-4011107","Fotan The Palazzo","Unit C,High Floor,TOWER 7","920","15761","14.5","3",,"Midland Realty","3 Bedrooms North west Apartment Sino MTR nearby Clubhouse Shopping Mall nearby Balcony Good school zone Elegant"
"https://www.28hse.com/en/buy/apartment/property-4011054","Sheung Shui Miami Crescent","Whole Block,HOUSE","1795","8022","14.4","4",,"Midland Reality","4 Bedrooms Apartment House Elegant Good view"
"https://www.28hse.com/en/buy/apartment/property-4010771","Fotan Royal Ascot","Unit B,Mid Floor,BLOCK 10","974","13655","13.3","3","2","Centaline Property Agency Limited","3 Bedrooms , 2 Bathrooms North west Apartment SHKP Mountain view Good view"
"https://www.28hse.com/en/buy/apartment/property-4010737","The Lohas Le Prestige","Unit LD,High Floor,TOWER 5","972","10885","10.58","4",,"Centaline Property Agency Limited","4 Bedrooms South east Apartment CK Asset Mountain view"
"https://www.28hse.com/en/buy/apartment/property-4010630","The Lohas Le Prestige","Unit LD,High Floor,TOWER 5","972","11626","11.3","4",,"Centaline Property","4 Bedrooms South east Apartment CK Asset"
"https://www.28hse.com/en/buy/apartment/property-3919837","Yuen Long Yoho Midtown","Unit E,Mid Floor,TOWER M7","938","14925","14","4","2","Fu Yee Property Agency","4 Bedrooms , 2 Bathrooms Apartment SHKP Mountain view Good view River view Elegant Sole Agent"
"https://www.28hse.com/en/buy/apartment/property-4010290","Yuen Long Royal Palms","Whole Block,CORONADO AVENUE","1495","9900","14.8",,,"Centaline Property","North Apartment SHKP Elegant"
"https://www.28hse.com/en/buy/apartment/property-4010287","Sheung Shui 633 Hang Tau, Kwu Tung","House","2100","6181","12.98","4","4","Owner (landlord)","4 Bedrooms , 4 Bathrooms landlord House Mountain view Good view Luxury Outdoor Car Park"
"https://www.28hse.com/en/buy/apartment/property-4010188","Sheung Shui Woodland Crest","Unit F,High Floor,BLOCK 2","942","10191","9.6","3",,"Midland Property","3 Bedrooms Apartment SHKP"
"https://www.28hse.com/en/buy/apartment/property-4010104","Tung Chung Caribbean Coast","Unit A,High Floor,TOWER 3,Phase 1 Monterey Cove","971","10690","10.38","3","2","美聯物業","3 Bedrooms , 2 Bathrooms Apartment CK Asset City view Sea view Good view Garden view"
"https://www.28hse.com/en/buy/apartment/property-4010007","Tai Po Constellation Cove","Mid Floor,Block 1,Building","1098","11566","12.7","3","3","Midland Realty International Limited","3 Bedrooms , 3 Bathrooms East Apartment Kerry Elegant Swimming Pool View Garden view Good view Clubhouse Balcony"
"https://www.28hse.com/en/buy/apartment/property-4009923","Fotan The Grandville","Low Floor,TOWER D,PHASE 1","922","14100","13","3",,"Centaline Property Agency Limited","3 Bedrooms South east Apartment Wing Tai"
"https://www.28hse.com/en/buy/apartment/property-4009879","Pak Shek Kok Centra Horizon","Unit A,Low Floor,TOWER 6","965","13264","12.8","3","3","Midland Realty International Limited","3 Bedrooms , 3 Bathrooms Apartment Elegant Swimming Pool View Good view"
"https://www.28hse.com/en/buy/apartment/property-4009685","Tai Po The Paramount","Unit B,Mid Floor,Block 9","916","11463","10.5","3","2","Centaline Property Agency Limited","3 Bedrooms , 2 Bathrooms Apartment CK Asset Garden view Swimming Pool View"
"https://www.28hse.com/en/buy/apartment/property-4009601","Tung Chung The Visionary","Unit A,Mid Floor,TOWER 2,BUILDING","1144","10927","12.5","3","3","Midland Realty International Limited","3 Bedrooms , 3 Bathrooms North east Apartment Nan Fung Good view Garden view Elegant"
"https://www.28hse.com/en/buy/apartment/property-4009485","Sheung Shui Eden Garden","1","1089","8907","9.7",,,"Midland Realty International Limited","Apartment"
"https://www.28hse.com/en/buy/apartment/property-4009422","Tsuen Wan City Point","Unit A,High Floor,BLOCK 1","902","16630","15","4","2","Centaline Property","4 Bedrooms , 2 Bathrooms North west Apartment CK Asset"
"https://www.28hse.com/en/buy/apartment/property-4009368","Fotan The Palazzo","High Floor,TOWER 7","920","16283","14.98","3",,"Midland Property","3 Bedrooms North west Apartment Sino"
"https://www.28hse.com/en/buy/apartment/property-4009345","Fanling Casas Domingo","Whole Block,House","1473","8826","13","3","2","Ricacorp Properties","3 Bedrooms , 2 Bathrooms Apartment Good view Outdoor Car Park"
"https://www.28hse.com/en/buy/apartment/property-4009341","Sheung Shui Eden Garden","1 seat","1089","8999","9.8","2",,"Ricacorp Properties","2 Bedrooms Apartment Good view Elegant Roof top Clubhouse"
"https://www.28hse.com/en/buy/apartment/property-4009254","Fotan The Palazzo","Unit C,High Floor,TOWER 7","920","16304","15","3","2","Centaline Property Agency Limited","3 Bedrooms , 2 Bathrooms Apartment Sino Elegant"
"https://www.28hse.com/en/buy/apartment/property-4009140","Sham Shui Po Chak Kwan House","Unit ST-232,Low Floor,Chak Kwan House","1375","5520","7.59","5+",,"Kong Wai Property Agency Limited","5+ Bedrooms South east Apartment"
"https://www.28hse.com/en/buy/apartment/property-4008889","Tung Chung Caribbean Coast","Unit A,High Floor,TOWER 16,Phase 4 Crystal Cove","912","10855","9.9","3","3","Ricacorp Properties","3 Bedrooms , 3 Bathrooms North east Apartment CK Asset Sea view"
"https://www.28hse.com/en/buy/apartment/property-4008865","Fotan The Palazzo","Unit C,High Floor,TOWER 7","920","16283","14.98","3","2","Midland Realty International Limited","3 Bedrooms , 2 Bathrooms North west Apartment Sino Mountain view Good view Elegant Balcony Ensuite Clubhouse"
"https://www.28hse.com/en/buy/apartment/property-4008786","Shatin Dragons Range","Mid Floor,TOWER 3,COURT C","944","13559","12.8","2",,"Midland Realty","2 Bedrooms North west Apartment Kerry"
"https://www.28hse.com/en/buy/apartment/property-4008621","Shatin Dragons Range","Unit D,Mid Floor,TOWER 3,COURT C","944","12712","12","3",,"Midland Realty","3 Bedrooms Apartment Kerry"
"https://www.28hse.com/en/buy/apartment/property-4008603","Sheung Shui Eden Manor","High Floor,TOWER 6,BUILDING","961","10822","10.4","3","3","Midland Reality","3 Bedrooms , 3 Bathrooms Apartment Henderson Good view"
"https://www.28hse.com/en/buy/apartment/property-4008429","Fotan The Palazzo","Unit C,High Floor,TOWER 7","920","16283","14.98","3","2","Midland Property","3 Bedrooms , 2 Bathrooms North west Apartment Sino"
"https://www.28hse.com/en/buy/apartment/property-4008426","Ho Man Tin Ellery Terrace","Unit E,High Floor,Ellery Terrace","913","16648","15.2","3","2","Centaline Property Agency Limited","3 Bedrooms , 2 Bathrooms North west Apartment China Overseas Good view Elegant"
"https://www.28hse.com/en/buy/apartment/property-4008411","Fotan The Palazzo","Unit C,High Floor,TOWER 7","920","16304","15","3",,"Centaline Property Agency Limited","3 Bedrooms Apartment Sino"
"https://www.28hse.com/en/buy/apartment/property-4008328","Tsuen Wan City Point","Unit F,Mid Floor,BLOCK 2","913","16210","14.8",,,"Midland Reality","Apartment CK Asset Sea view"
"https://www.28hse.com/en/buy/apartment/property-4008308","Shatin Dragons Range","Unit D,Mid Floor,TOWER 3,COURT C","944","12712","12","3",,"Centaline Property Agency Limited","3 Bedrooms North east Apartment Kerry"
"https://www.28hse.com/en/buy/apartment/property-4008136","Hung Shui Kiu The Eldorado","High Floor,BLOCK 3","1070","6710","7.18","3","2","Centaline Property Agency Limited","3 Bedrooms , 2 Bathrooms Apartment Good view Roof top Clubhouse MTR nearby Shopping Mall nearby Balcony Luxury"
"https://www.28hse.com/en/buy/apartment/property-4008050","Tai Wai Parc Royale","High Floor,TOWER 11","942","13800","13","3",,"Midland Realty","3 Bedrooms South east Apartment Wheelock"
"https://www.28hse.com/en/buy/apartment/property-4007921","Shatin Dragons Range","Unit D,Mid Floor,TOWER 3,COURT C","944","12712","12","3","2","Midland Realty","3 Bedrooms , 2 Bathrooms Apartment Kerry Mountain view Garden view"
"https://www.28hse.com/en/buy/apartment/property-3932607","Shatin Belair Gardens","Low Floor,KINGSTON HEIGHTS--BLOCK K","1093","8783","9.6","3","2","Century 21 Goodwin Property Cityone Station","3 Bedrooms , 2 Bathrooms Apartment Chinachem Garden view Elegant"
"https://www.28hse.com/en/buy/apartment/property-4007442","Tung Chung The Visionary","High Floor,TOWER 8,BUILDING","1034","12089","12.5","3","2","Hong Kong Property","3 Bedrooms , 2 Bathrooms North Apartment Nan Fung Good view Building view Elegant Welcome University's Student Balcony Ensuite"
"https://www.28hse.com/en/buy/apartment/property-4007210","Fotan Royal Ascot","Unit C,Mid Floor,BLOCK 8","974","13655","13.3","3",,"Midland Realty","3 Bedrooms North Apartment SHKP"
"https://www.28hse.com/en/buy/apartment/property-4007177","Tai Po The Paramount","Mid Floor,Block 7","916","12336","11.3","3","1","Midland Realty International Limited","3 Bedrooms , 1 Bathroom South east Apartment CK Asset Elegant Good view Swimming Pool View Garden view Shopping Mall nearby Maid bedroom"
"https://www.28hse.com/en/buy/apartment/property-4007130","Shatin Dragons Range","Mid Floor,TOWER 3,COURT C","944","12712","12","3",,"Centaline Property Agency Limited","3 Bedrooms North east Apartment Kerry"
"https://www.28hse.com/en/buy/apartment/property-4007123","Tai Po The Paragon","High Floor,BLOCK 12","1109","9919","11","3","2","Centaline Property","3 Bedrooms , 2 Bathrooms Apartment Elegant Maid bedroom Balcony MTR nearby Ensuite Clubhouse Good view Swimming Pool View VR"
"https://www.28hse.com/en/buy/apartment/property-4007108","Tuen Mun Castle Peak Road Tsing Yung Terrace","Low Floor,TOWER 4","953","7870","7.5","4","3","Earnest Property Agency Ltd","4 Bedrooms , 3 Bathrooms South Apartment Good view Indoor Car Park Balcony Maid bedroom Ensuite Elegant"
"https://www.28hse.com/en/buy/apartment/property-4007065","Tung Chung The Visionary","Unit B,High Floor,TOWER 3,BUILDING","1046","12314","12.88","3",,"Ricacorp Properties","3 Bedrooms South east Apartment Nan Fung"
"https://www.28hse.com/en/buy/apartment/property-4006870","Tuen Mun Castle Peak Road Tsing Yung Terrace","Low Floor,TOWER 4","953","7870","7.5","3","2","Century 21 Sky On Properties","3 Bedrooms , 2 Bathrooms Apartment Good view Sea view Luxury Indoor Car Park Balcony Ensuite Maid bedroom Good school zone"
"https://www.28hse.com/en/buy/apartment/property-4006783","Hung Shui Kiu Hong Ping Villa","14","1097","8095","8.88","4","3","Centaline Property","4 Bedrooms , 3 Bathrooms Apartment House Garden view Elegant Indoor Car Park Garden Roof top"
"https://www.28hse.com/en/buy/apartment/property-4006782","Yuen Long Bellevue Court","Whole Block,HOUSE 11","1083","10046","10.88","3","2","Centaline Property","3 Bedrooms , 2 Bathrooms East Apartment House Elegant Indoor Car Park Roof top Ensuite"
"https://www.28hse.com/en/buy/apartment/property-4006299","Fanling The Green","Whole Block,HOUSE NO.88,POPLAR DRIVE","1328","9488","12.6","3",,"Midland Property","3 Bedrooms Apartment China Overseas Roof top Ensuite Garden Terrace Clubhouse"
"https://www.28hse.com/en/buy/apartment/property-4006288","Fanling The Green","Whole Block,POPLAR DRIVE","1328","9789","13","3","2","Centaline Property","3 Bedrooms , 2 Bathrooms House China Overseas Mountain view Garden view Good view Include Powder Room"
"https://www.28hse.com/en/buy/apartment/property-4006029","Tin Shui Wai Wetland Seasons Park","Low Floor,VILLA 6,PHASE 2","1068","14794","15.8","4",,"Centaline Property Agency Limited","4 Bedrooms Apartment VR"
"https://www.28hse.com/en/buy/apartment/property-4005972","Tsuen Wan City Point","Unit A,High Floor,BLOCK 1","902","16630","15","4",,"Centaline Property","4 Bedrooms North west Apartment CK Asset Sea view VR"
"https://www.28hse.com/en/buy/apartment/property-4005876","Tsuen Wan Sham Tseng Hong Kong Garden","Low Floor,BLOCK 21,PHASE 3","947","7687","7.28","4","2","Earnest Property Agency Ltd","4 Bedrooms , 2 Bathrooms South Apartment Chinachem Ensuite Garden view Sole Agent"
"https://www.28hse.com/en/buy/apartment/property-4005622","Sheung Shui Eden Manor","Mid Floor,TOWER 3,BUILDING","959","10949","10.5","3",,"Centaline Property","3 Bedrooms South Apartment Henderson"
"https://www.28hse.com/en/buy/apartment/property-4005511","Ho Man Tin Valiant Court","Unit B,Low Floor,Valiant Court","1302","11137","14.5","3","2","Centaline Property","3 Bedrooms , 2 Bathrooms East Apartment Western Style Bldg Stand-alone Building Mountain view"
"https://www.28hse.com/en/buy/apartment/property-4005405","Sheung Shui Woodland Crest","Unit C,Low Floor,BLOCK 7","942","8758","8.25","3",,"Midland Reality","3 Bedrooms North west Apartment SHKP"
"https://www.28hse.com/en/buy/apartment/property-4005398","The Lohas Le Prestige","Unit LD,High Floor,TOWER 5","972","11317","11","4",,"Midland Realty International Limited","4 Bedrooms Apartment CK Asset"
"https://www.28hse.com/en/buy/apartment/property-4005345","The Lohas Le Prestige","Unit LD,High Floor,TOWER 1","976","11148","10.88","4",,"Midland Realty International Limited","4 Bedrooms North east Apartment CK Asset"
"https://www.28hse.com/en/buy/apartment/property-4005273","Sheung Shui Woodland Crest","High Floor,BLOCK 2","942","10191","9.6","3","2","Owner (landlord)","3 Bedrooms , 2 Bathrooms South east landlord Apartment SHKP River view Garden view Mountain view Good view Indoor Car Park"
"https://www.28hse.com/en/buy/apartment/property-4004810","Sheung Shui Eden Manor","Unit A,Mid Floor,TOWER 6,BUILDING","1046","11549","12.08","3","2","Midland Realty","3 Bedrooms , 2 Bathrooms Apartment Henderson"
"https://www.28hse.com/en/buy/apartment/property-4003718","Lai Chi Kok One West Kowloon","Unit A,Mid Floor,TOWER 2","973","15211","14.8","4","3","Midland Realty","4 Bedrooms , 3 Bathrooms Apartment CK Asset Good view Luxury Balcony Maid bedroom Clubhouse MTR nearby Shopping Mall nearby"
"https://www.28hse.com/en/buy/apartment/property-4003688","Lai Chi Kok One West Kowloon","Unit A,Mid Floor,TOWER 2","973","15396","14.98","4","3","Centaline Property-aqua Marine Branch","4 Bedrooms , 3 Bathrooms South Apartment CK Asset City view Good view Good school zone Balcony Clubhouse MTR nearby"
"https://www.28hse.com/en/buy/apartment/property-4003135","Tsuen Wan Sham Tseng Hong Kong Garden","Mid Floor,BLOCK 16,PHASE 3","947","8237","7.8","3","2","Earnest Property Agency Ltd","3 Bedrooms , 2 Bathrooms South Apartment Chinachem Ensuite Elegant Good view"
"https://www.28hse.com/en/buy/apartment/property-4003126","Pak Shek Kok The Horizon","Unit D,High Floor,Tower 2 Of Court B,Building","1071","11671","12.5","3","3","Midland Realty International Limited","3 Bedrooms , 3 Bathrooms Apartment Billion Dev Good view Elegant"
"https://www.28hse.com/en/buy/apartment/property-4003107","Tuen Mun Castle Peak Road Crown By The Sea","High Floor,CROWN By The Sea","1026","8947","9.18","4","3","Century 21 Sky On Properties","4 Bedrooms , 3 Bathrooms Apartment CK Asset Good view Sea view Elegant Balcony Ensuite Maid bedroom Clubhouse"
"https://www.28hse.com/en/buy/apartment/property-4003066","Shatin 116 Ha Wo Che Tsuen","The whole building","1575","5460","8.6","5+","5+","Festival Home Property Agency Limited","5+ Bedrooms , 5+ Bathrooms South east Village House Good view"
"https://www.28hse.com/en/buy/apartment/property-4002973","Tsuen Wan Sham Tseng Bellagio","High Floor,TOWER 3","941","12540","11.8","4","3","Earnest Property Agency Ltd","4 Bedrooms , 3 Bathrooms West Apartment Wheelock Maid bedroom Clubhouse Ensuite Balcony Sea view"
"https://www.28hse.com/en/buy/apartment/property-4002858","Tuen Mun Castle Peak Road Crown By The Sea","High Floor,CROWN By The Sea","1026","8947","9.18","3","3","Kam Fai Property Agency Co.","3 Bedrooms , 3 Bathrooms South west Apartment CK Asset Good view Sea view VR"
"https://www.28hse.com/en/buy/apartment/property-4002794","Fanling Village","Full floor","1400","5700","7.98","4","3","Wefat Realty Limited","4 Bedrooms , 3 Bathrooms South east Apartment Village House Garden view Good view City view Luxury Outdoor Car Park Garden"
"https://www.28hse.com/en/buy/apartment/property-4002275","Fotan Shatin 33","Unit A,High Floor,Block 4","1296","10015","12.98","3",,"Ricacorp Properties","3 Bedrooms North east Apartment VR"
"https://www.28hse.com/en/buy/apartment/property-4001900","Fotan The Palazzo","High Floor,TOWER 7","920","16304","15","3",,"Midland Realty International Limited","3 Bedrooms North west Apartment Sino Good view Elegant"
"https://www.28hse.com/en/buy/apartment/property-4001817","Fotan The Palazzo","Unit C,Low Floor,TOWER 7","921","16830","15.5","3",,"Centaline Property Agency Limited","3 Bedrooms North west Apartment Sino"
"https://www.28hse.com/en/buy/apartment/property-4001742","Tsuen Wan Sham Tseng Bellagio","High Floor,TOWER 9","901","13873","12.5","3",,"Ricacorp Properties","3 Bedrooms Apartment Wheelock"
"https://www.28hse.com/en/buy/apartment/property-4001677","Yuen Long Fairview Park","Whole Block,ZONE M","915","10929","10","3","2","Midland Property","3 Bedrooms , 2 Bathrooms South west Apartment House Mountain view Good view Elegant Indoor Car Park Garden Balcony"
"https://www.28hse.com/en/buy/apartment/property-4001627","Sheung Shui Woodland Crest","Low Floor,BLOCK 8","1022","9237","9.44","3","2","Midland Realty","3 Bedrooms , 2 Bathrooms Apartment SHKP"
"https://www.28hse.com/en/buy/apartment/property-4001623","Sheung Shui Woodland Crest","Unit E,Mid Floor,BLOCK 5","976","11270","11","3",,"Centaline Property","3 Bedrooms South east Apartment SHKP Elegant River view"
"https://www.28hse.com/en/buy/apartment/property-3994114","Sai Kung Sai Keng Tsuen","Upper duplex","1266","5924","7.5","3","2","Ka Hing Estate Agency Limited","3 Bedrooms , 2 Bathrooms Village House Apartment Simple Sea view Good view Sole Agent"
"https://www.28hse.com/en/buy/apartment/property-4001432","Fotan The Palazzo","Unit C,High Floor,TOWER 7","920","16283","14.98","3",,"Midland Realty","3 Bedrooms North west Apartment Sino"
"https://www.28hse.com/en/buy/apartment/property-4001343","Sheung Shui Woodland Crest","Unit G,Mid Floor,BLOCK 7","942","11146","10.5","3",,"Midland Realty International Limited","3 Bedrooms South east Apartment SHKP"
"https://www.28hse.com/en/buy/apartment/property-4000673","Mei Foo Mei Foo Sun Chuen","Low Floor,NO.12 BROADWAY,PHASE 1","907","9570","8.68","4","2","Tai Tung Property (mei Foo) Agency Company","4 Bedrooms , 2 Bathrooms South east Apartment New World Good view Sole Agent"
"https://www.28hse.com/en/buy/apartment/property-4000663","Tsuen Wan Sham Tseng Bellagio","Unit B,Low Floor,TOWER 2","935","13048","12.2","3","2","Centaline Property","3 Bedrooms , 2 Bathrooms Apartment Wheelock Sea view"
"https://www.28hse.com/en/buy/apartment/property-4000067","Sheung Shui 633 Hang Tau, Kwu Tung","House","2100","6181","12.98","4","4","Owner (landlord)","4 Bedrooms , 4 Bathrooms landlord House Mountain view Good view Luxury Outdoor Car Park"
"https://www.28hse.com/en/buy/apartment/property-4000027","Fanling The Green","Whole Block,HOUSE NO.88,POPLAR DRIVE","1328","9789","13","3","4","Centaline Property","3 Bedrooms , 4 Bathrooms Apartment China Overseas Good view Mountain view Luxury VR"
"https://www.28hse.com/en/buy/apartment/property-3999918","Tai Po Villa Castell","BLOCK 39,Villa Castell","915","9945","9.1","3","2","Midland Realty International Limited","3 Bedrooms , 2 Bathrooms Apartment Good view Swimming Pool View Elegant Balcony Ensuite Clubhouse Good school zone"
"https://www.28hse.com/en/buy/apartment/property-3999790","Tsuen Wan The Cairnhill","Mid Floor,BLOCK 5,PHASE 1","1158","11917","13.8","4","3","Centaline Property Agency Limited","4 Bedrooms , 3 Bathrooms South west Apartment Good view"
"https://www.28hse.com/en/buy/apartment/property-3999690","Yuen Long Village","House","1500","3453","5.18","3","1","Cheung Ho Realty","3 Bedrooms , 1 Bathroom Village House House Stand-alone Building Good view Luxury"
"https://www.28hse.com/en/buy/apartment/property-3999627","Yuen Long Fairview Park","Whole Block,ZONE A","1035","14377","14.88","3",,"Centaline Property Agency Limited","3 Bedrooms Apartment House Ensuite Clubhouse Elegant"
"https://www.28hse.com/en/buy/apartment/property-3999489","Yuen Long Fairview Park","Whole Block,NO. 25 RIVER NORTH 8TH STREET ,ZONE O","1035","11884","12.3","3",,"Midland Realty International Limited","3 Bedrooms Apartment"
"https://www.28hse.com/en/buy/apartment/property-3998814","Pak Shek Kok Centra Horizon","Unit A,Low Floor,TOWER 6","965","13264","12.8","3","3","Midland Realty","3 Bedrooms , 3 Bathrooms Apartment Garden view Elegant"
"https://www.28hse.com/en/buy/apartment/property-3998690","Fanling The Green","Whole Block,HOUSE NO.5,MAPLE DRIVE","1315","10266","13.5","3","1","Ricacorp Properties","3 Bedrooms , 1 Bathroom Apartment China Overseas VR"
"https://www.28hse.com/en/buy/apartment/property-3998505","Tai Po The Beverly Hills","Whole Block,HOUSE NO.65,BOULEVARD DE FORET","1606","9714","15.6","3",,"Centaline Property Agency Limited","3 Bedrooms Apartment"
"https://www.28hse.com/en/buy/apartment/property-3998471","Tai Po The Paragon","High Floor,BLOCK 12","1109","9919","11","3",,"Centaline Property Agency Limited","3 Bedrooms Apartment Indoor Car Park Mountain view Good view Garden view"
"https://www.28hse.com/en/buy/apartment/property-3998422","Tsuen Wan Sham Tseng Royal Sea Crest","Low Floor,BLOCK 2","1056","7955","8.4","4","3","Earnest Property Agency Ltd","4 Bedrooms , 3 Bathrooms South Apartment SHKP Maid bedroom Ensuite Clubhouse VR"
"https://www.28hse.com/en/buy/apartment/property-3998310","Pak Shek Kok The Horizon","Unit D,High Floor,Tower 2 Of Court B,Building","1071","11671","12.5","3",,"Ricacorp Properties Limited","3 Bedrooms South east Apartment Billion Dev Elegant Garden view Good view Shopping Mall nearby MTR nearby Maid bedroom"
"https://www.28hse.com/en/buy/apartment/property-3998258","Pak Shek Kok Centra Horizon","Low Floor,TOWER 9","1019","13248","13.5","3","3","Midland Realty International Limited","3 Bedrooms , 3 Bathrooms South west Apartment Good view Swimming Pool View Elegant"
"https://www.28hse.com/en/buy/apartment/property-3998092","Tuen Mun Castle Peak Road Peridot Court","Mid Floor,BLOCK 5","1155","10216","11.8","4","3","Earnest Property Agency Ltd","4 Bedrooms , 3 Bathrooms South Apartment Indoor Car Park Elegant Sea view Clubhouse Ensuite Maid bedroom Balcony"
"https://www.28hse.com/en/buy/apartment/property-3997966","Tuen Mun Castle Peak Road Palm Beach","Low Floor,TOWER 1","1556","9319","14.5","3","2","Earnest Property Agency Ltd","3 Bedrooms , 2 Bathrooms South Apartment Indoor Car Park Ensuite Clubhouse Duplex Apartment Shopping Mall nearby Maid bedroom Sea view"
"https://www.28hse.com/en/buy/apartment/property-3997835","Hung Shui Kiu La Mansion","Whole Block,洋房","1615","9288","15","4",,"Kk Chow","4 Bedrooms Apartment CK Asset"
"https://www.28hse.com/en/buy/apartment/property-3997775","Pak Shek Kok The Horizon","Unit D,High Floor,Tower 2 Of Court B,Building","1071","11671","12.5","3",,"Midland Realty","3 Bedrooms Apartment Billion Dev Elegant"
"https://www.28hse.com/en/buy/apartment/property-3997716","Causeway Bay Bay View Mansion","High Floor,Block B","900","9778","8.8","3","2","Armourart Property Agency Ltd.","3 Bedrooms , 2 Bathrooms South west Apartment Building view"
"https://www.28hse.com/en/buy/apartment/property-3997670","Tuen Mun Castle Peak Road Peridot Court","Mid Floor,BLOCK 5","1155","10216","11.8","3","2","Century21 Sky On Properties","3 Bedrooms , 2 Bathrooms Apartment Good view Sea view Luxury Indoor Car Park Balcony Ensuite Maid bedroom Clubhouse"
"https://www.28hse.com/en/buy/apartment/property-3997428","Tung Chung Caribbean Coast","Unit H,Mid Floor,TOWER 9,Phase 3 Carmel Cove","927","10680","9.9","3","2","Midland Realty","3 Bedrooms , 2 Bathrooms North west Apartment CK Asset Good view Balcony Ensuite Clubhouse VR"
"https://www.28hse.com/en/buy/apartment/property-3308822","Yuen Long Village","Underneath","1400","6071","8.5","4","3","Starlite Property Management Ltd","4 Bedrooms , 3 Bathrooms Village House Mountain view Garden view Good view Elegant Indoor Car Park Garden Balcony Ensuite"
"https://www.28hse.com/en/buy/apartment/property-3997307","Tuen Mun Castle Peak Road The Bloomsway","Mid Floor,TOWER 2,THE LAGUNA","976","11783","11.5","3",,"Ricacorp","3 Bedrooms Apartment Kerry"
"https://www.28hse.com/en/buy/apartment/property-3997097","Tuen Mun Castle Peak Road Palm Beach","Low Floor,TOWER 1","1556","9319","14.5","3","3","Century 21 Sky On Properties","3 Bedrooms , 3 Bathrooms Apartment Garden view Good view Elegant Indoor Car Park Ensuite Maid bedroom Duplex Apartment Shopping Mall nearby"
"https://www.28hse.com/en/buy/apartment/property-3997084","Ma On Shan Symphony Bay","Unit B,High Floor,BLOCK 3,VILLA RHAPSODY","1327","10912","14.48","4",,"Ricacorp Properties","4 Bedrooms Apartment SHKP Good view Indoor Car Park"
"https://www.28hse.com/en/buy/apartment/property-3996707","Fanling Dawning Views","Unit A,High Floor,BLOCK 10","940","10957","10.3","3",,"Midland Realty","3 Bedrooms North east Apartment Henderson"
"https://www.28hse.com/en/buy/apartment/property-3996697","Fanling Dawning Views","High Floor,BLOCK 10","940","11170","10.5","4",,"Centaline Property Agency Limited","4 Bedrooms North east Apartment Henderson"
"https://www.28hse.com/en/buy/apartment/property-3996667","Sheung Shui Woodland Crest","Unit E,Mid Floor,BLOCK 5","976","12295","12","3",,"Centaline Property","3 Bedrooms South east Apartment SHKP Elegant River view"
"https://www.28hse.com/en/buy/apartment/property-3996578","Ma On Shan Vista Paradiso","Unit F,Low Floor,TOWER 10","918","15033","13.8","3","2","Centaline Property","3 Bedrooms , 2 Bathrooms West Apartment CK Asset Indoor Car Park Sea view"
"https://www.28hse.com/en/buy/apartment/property-3995578","Tuen Mun Castle Peak Road Tsing Yung Terrace","Low Floor,TOWER 4","953","7870","7.5","4","3","Earnest Property Agency Ltd","4 Bedrooms , 3 Bathrooms South Apartment Maid bedroom Balcony Ensuite Indoor Car Park Elegant Good view"
"https://www.28hse.com/en/buy/apartment/property-3995523","Shatin Pictorial Garden","Unit C,Mid Floor,ELEGANT COURT--BLOCK C","1119","12958","14.5","4","2","Midland Realty","4 Bedrooms , 2 Bathrooms North west Apartment Chinachem River view Luxury"
"https://www.28hse.com/en/buy/apartment/property-3995509","Tuen Mun Castle Peak Road Tsing Yung Terrace","Low Floor,TOWER 4","953","7870","7.5","3","2","Century 21 Sky On Properties","3 Bedrooms , 2 Bathrooms Apartment Good view Sea view Luxury Indoor Car Park Balcony Ensuite Maid bedroom Good school zone"
"https://www.28hse.com/en/buy/apartment/property-3995304","Yuen Long Village","Full floor","2100","6181","12.98","4","4","Home Expert Property Agent Limited","4 Bedrooms , 4 Bathrooms Village House Garden view Elegant Outdoor Car Park Garden Balcony Roof top Duplex Apartment MTR nearby"
"https://www.28hse.com/en/buy/apartment/property-3995153","Tsuen Wan City Point","Unit A,High Floor,BLOCK 1","902","15743","14.2","4","2","Wealth Property Agency Company","4 Bedrooms , 2 Bathrooms Apartment CK Asset Good view Sea view Include Powder Room"
"https://www.28hse.com/en/buy/apartment/property-3995105","Tung Chung Caribbean Coast","Low Floor,TOWER 2,Phase 1 Monterey Cove","940","9213","8.66","3","2","Tung Chung Property Agency Limited","3 Bedrooms , 2 Bathrooms North west Apartment CK Asset Garden view Good view City view Sea view"
"https://www.28hse.com/en/buy/apartment/property-3995056","Fanling Royal Knoll","High Floor,BLOCK 1","944","9958","9.4","4",,"Centaline Property","4 Bedrooms South west Apartment Grand Sea"
"https://www.28hse.com/en/buy/apartment/property-3995014","Tuen Mun Castle Peak Road Spring Seaview Terrace","Mid Floor,BLOCK A","949","12434","11.8","2","2","Centaline Property","2 Bedrooms , 2 Bathrooms South west Apartment Indoor Car Park Sea view Elegant VR"
"https://www.28hse.com/en/buy/apartment/property-3994804","Tai Po Villa Castell","BLOCK 39,Villa Castell","915","10492","9.6","3",,"Centaline Property Agency Limited","3 Bedrooms Apartment"
"https://www.28hse.com/en/buy/apartment/property-3994702","The Lohas Le Prestige","Unit LA,Low Floor,TOWER 2","973","12127","11.8","5+","3","Midland Realty International Limited","5+ Bedrooms , 3 Bathrooms South west Apartment CK Asset Garden view Mountain view Good view Sea view Luxury"
"https://www.28hse.com/en/buy/apartment/property-3993979","Tuen Mun Castle Peak Road Crown By The Sea","Unit B,High Floor,CROWN By The Sea","1026","8947","9.18","5+","3","Earnest Property Agency Ltd","5+ Bedrooms , 3 Bathrooms South west Apartment CK Asset Ensuite Balcony Maid bedroom Clubhouse Sea view"
"https://www.28hse.com/en/buy/apartment/property-3993695","Shatin Dragons Range","Unit D,Mid Floor,TOWER 3,COURT C","944","13559","12.8","2",,"Midland Realty","2 Bedrooms North west Apartment Kerry Mountain view Luxury"
"https://www.28hse.com/en/buy/apartment/property-3993254","Yuen Long Fairview Park","Whole Block,ZONE O","1035","11884","12.3","2","2","Centaline Property Agency Limited","2 Bedrooms , 2 Bathrooms Apartment Elegant"
"https://www.28hse.com/en/buy/apartment/property-3993236","Tuen Mun Castle Peak Road Pearl Garden","Mid Floor,BLOCK C","1083","7110","7.7","4","3","Earnest Property Agency Ltd","4 Bedrooms , 3 Bathrooms South Apartment Sea view Ensuite Balcony Maid bedroom Outdoor Car Park"
"https://www.28hse.com/en/buy/apartment/property-3993099","Tung Chung Caribbean Coast","Mid Floor,TOWER 3,Phase 1 Monterey Cove","956","9100","8.7","3","2","Tung Chung Property","3 Bedrooms , 2 Bathrooms North east Apartment CK Asset Garden view Swimming Pool View"
"https://www.28hse.com/en/buy/apartment/property-3993069","Tuen Mun Castle Peak Road Pearl Garden","Mid Floor,BLOCK C","1083","7110","7.7","3","2","Century 21 Sky On Properties","3 Bedrooms , 2 Bathrooms Apartment Good view Sea view Luxury Indoor Car Park Balcony Ensuite Good school zone"
"https://www.28hse.com/en/buy/apartment/property-3993056","Fotan Greenwood Terrace","Low Floor,BLOCK 32,BUILDING","1381","10789","14.9","3",,"Midland Realty International Limited","3 Bedrooms Apartment"
"https://www.28hse.com/en/buy/apartment/property-3993038","Shatin Dragons Range","Mid Floor,TOWER 1,COURT C","958","14092","13.5","3",,"Midland Realty International Limited","3 Bedrooms Apartment Kerry"
"https://www.28hse.com/en/buy/apartment/property-3992914","Pak Shek Kok Centra Horizon","High Floor,TOWER 9","1019","15211","15.5","3",,"Centaline Property","3 Bedrooms South west Apartment VR"
"https://www.28hse.com/en/buy/apartment/property-3992817","Yuen Long Crescent Green","High Floor,Tower 3,Building","966","11387","11","3","3","Ricacorp Properties","3 Bedrooms , 3 Bathrooms Apartment Road King Roof top Clubhouse Ensuite Maid bedroom Balcony"
"https://www.28hse.com/en/buy/apartment/property-3992808","Yuen Long Crescent Green","Unit B,Low Floor,Tower 7,Building","1006","9543","9.6","3","3","Ricacorp Properties","3 Bedrooms , 3 Bathrooms East Apartment Road King Indoor Car Park Clubhouse Ensuite Balcony Maid bedroom"
"https://www.28hse.com/en/buy/apartment/property-3992747","Pak Shek Kok Centra Horizon","Unit A,Low Floor,TOWER 6","965","13264","12.8","3",,"Midland Realty","3 Bedrooms Apartment Simple Good view Garden view"
"https://www.28hse.com/en/buy/apartment/property-3992694","Sheung Shui Eden Manor","Unit B,High Floor,TOWER 6,BUILDING","961","10926","10.5","3",,"Midland Realty International Limited","3 Bedrooms Apartment Henderson"
"https://www.28hse.com/en/buy/apartment/property-3992598","Sheung Shui Eden Garden","B","1089","8907","9.7","3","2","Midland Realty","3 Bedrooms , 2 Bathrooms Apartment"
"https://www.28hse.com/en/buy/apartment/property-3992571","Sheung Shui Eden Garden","1B","1089","8999","9.8","2",,"Centaline Property","2 Bedrooms Apartment Indoor Car Park"
"https://www.28hse.com/en/buy/apartment/property-3992313","Fanling The Green","Whole Block,POPLAR DRIVE","1328","9488","12.6","3",,"Midland Realty","3 Bedrooms Apartment China Overseas"
"https://www.28hse.com/en/buy/apartment/property-3992310","Fanling The Green","Whole Block,HOUSE NO.85,WILLOW DRIVE","1315","9886","13","3","3","Ricacorp Properties","3 Bedrooms , 3 Bathrooms Apartment House China Overseas Elegant Indoor Car Park VR"
"https://www.28hse.com/en/buy/apartment/property-3992292","Tuen Mun Castle Peak Road Crown By The Sea","Unit B,High Floor,CROWN By The Sea","1026","8947","9.18","3","3","Keith Ho","3 Bedrooms , 3 Bathrooms South west Apartment CK Asset Good view Garden view Sea view Mountain view Indoor Car Park Balcony"
"https://www.28hse.com/en/buy/apartment/property-3992247","Ma On Shan Villa Athena","Unit C,Mid Floor,BLOCK 1","906","1","12.8","3",,"Centaline Property","3 Bedrooms North west Apartment SHKP Good view Sea view Simple Indoor Car Park Ensuite Maid bedroom"
"https://www.28hse.com/en/buy/apartment/property-3992151","Tung Chung Caribbean Coast","Unit H,Mid Floor,TOWER 3,Phase 1 Monterey Cove","956","9100","8.7","3",,"Hong Kong Property","3 Bedrooms North west Apartment CK Asset Good view"
"https://www.28hse.com/en/buy/apartment/property-3991899","Pak Shek Kok Centra Horizon","Unit J,High Floor,TOWER 9","1019","15211","15.5","3","2","Centaline Property Agency Limited","3 Bedrooms , 2 Bathrooms South west Apartment Swimming Pool View Balcony Clubhouse Maid bedroom Shopping Mall nearby VR"
"https://www.28hse.com/en/buy/apartment/property-3991866","Tai Wai Festival City","Unit SB,Low Floor,TOWER 2,PHASE II","958","16576","15.88","4",,"Centaline Property Agency Limited","4 Bedrooms North west Apartment CK Asset"
"https://www.28hse.com/en/buy/apartment/property-3991842","Pak Shek Kok Providence Bay","Unit D,Mid Floor,TOWER 2,大廈","1116","11201","12.5","4",,"Centaline Property Agency Limited","4 Bedrooms Apartment Sino Garden view Balcony Ensuite Maid bedroom Clubhouse VR"
"https://www.28hse.com/en/buy/apartment/property-3991731","Tsuen Wan Sham Tseng Bellagio","Unit B,High Floor,TOWER 9","901","14073","12.68","3","2","Midland Realty International Limited","3 Bedrooms , 2 Bathrooms South Apartment Wheelock"
"https://www.28hse.com/en/buy/apartment/property-3991663","Fanling Mount One","Unit 1A,Low Floor,Mount One","1222","11047","13.5","4","4","Midland Realty","4 Bedrooms , 4 Bathrooms Apartment SHKP Mountain view Good view MTR nearby Good school zone Shopping Mall nearby Luxury"
"https://www.28hse.com/en/buy/apartment/property-3991649","Fanling Mount One","Unit 1A,High Floor,Mount One","1222","11866","14.5","4","4","Centaline Property","4 Bedrooms , 4 Bathrooms South Apartment SHKP Good view"
"https://www.28hse.com/en/buy/apartment/property-3991625","Sheung Shui Eden Manor","Unit B,Low Floor,TOWER 5,BUILDING","959","11262","10.8","3","4","Centaline Property","3 Bedrooms , 4 Bathrooms Apartment Henderson low price Good view"
"https://www.28hse.com/en/buy/apartment/property-3991576","Sheung Shui Eden Garden","B","1089","8999","9.8","2","2","Centaline Property Agency Limited","2 Bedrooms , 2 Bathrooms Apartment Luxury Indoor Car Park Roof top Ensuite VR"
"https://www.28hse.com/en/buy/apartment/property-3991530","Tuen Mun Castle Peak Road Peridot Court","Unit B,Low Floor,BLOCK 2","1155","8381","9.68","4","3","Earnest Property Agency Ltd","4 Bedrooms , 3 Bathrooms South Apartment Garden view Indoor Car Park Elegant Clubhouse Ensuite Maid bedroom Balcony VR"
"https://www.28hse.com/en/buy/apartment/property-3991479","Tuen Mun Castle Peak Road Peridot Court","Low Floor,BLOCK 2","1155","8381","9.68","4","2","Century21 Sky On Properties","4 Bedrooms , 2 Bathrooms Apartment Garden view Good view Elegant Indoor Car Park Balcony Ensuite Maid bedroom Clubhouse"
"https://www.28hse.com/en/buy/apartment/property-3991315","Tuen Mun Castle Peak Road Dragon Inn Court","Unit B,High Floor,BLOCK 4","970","8247","8","3","2","Centaline Property Agency Limited","3 Bedrooms , 2 Bathrooms Apartment Mountain view Sea view"
"https://www.28hse.com/en/buy/apartment/property-3991272","Tseung Kwan O Oscar By The Sea","Unit A,Mid Floor,BLOCK 1","1040","13346","13.88","4","3","Ricacorp Properties","4 Bedrooms , 3 Bathrooms South west Apartment SHKP Good view Sea view Clubhouse Shopping Mall nearby"
"https://www.28hse.com/en/buy/apartment/property-3991261","Tuen Mun Castle Peak Road Avignon","Unit A,Low Floor,TOWER 11,大廈","1142","9457","10.8","5+","3","Centaline Property Agency Limited","5+ Bedrooms , 3 Bathrooms South east Apartment SHKP Garden"
"https://www.28hse.com/en/buy/apartment/property-3991258","Tai Po The Beverly Hills","Whole Block,PHASE 1","1606","9465","15.2","4","2","Centaline Property Agency Limited","4 Bedrooms , 2 Bathrooms North Apartment Indoor Car Park Mountain view Sole Agent"
"https://www.28hse.com/en/buy/apartment/property-3991225","Tuen Mun Castle Peak Road Crown By The Sea","Unit B,High Floor,CROWN By The Sea","1026","8947","9.18","3","3","Centaline Property Agency Limited","3 Bedrooms , 3 Bathrooms South west Apartment CK Asset Sea view"
"https://www.28hse.com/en/buy/apartment/property-3991219","Pak Shek Kok Providence Peak","Unit D,Mid Floor,TOWER 15,BUILDING","1045","11464","11.98","3","3","Midland Realty International Limited","3 Bedrooms , 3 Bathrooms Apartment Sino Luxury Garden view Swimming Pool View Good view"
"https://www.28hse.com/en/buy/apartment/property-3991198","Tung Chung Caribbean Coast","Unit A,Mid Floor,TOWER 1,Phase 1 Monterey Cove","941","10191","9.59","3",,"Hong Kong Property","3 Bedrooms Apartment CK Asset"
"https://www.28hse.com/en/buy/apartment/property-3991152","Tai Wai Parc Royale","Unit A,High Floor,TOWER 10","942","13588","12.8","4","3","Alex K. H. Fan","4 Bedrooms , 3 Bathrooms North west Apartment Wheelock Mountain view City view Elegant Indoor Car Park"
"https://www.28hse.com/en/buy/apartment/property-3991086","Pak Shek Kok Centra Horizon","Unit J,High Floor,TOWER 9","1019","14112","14.38","3",,"Midland Realty International Limited","3 Bedrooms Apartment Swimming Pool View Elegant"
"https://www.28hse.com/en/buy/apartment/property-3991006","Fotan Royal Ascot","Unit A,Mid Floor,BLOCK 11","1039","12608","13.1","3","2","Midland Realty","3 Bedrooms , 2 Bathrooms Apartment SHKP Mountain view Garden view Good view Elegant Balcony Maid bedroom Clubhouse VR"
"https://www.28hse.com/en/buy/apartment/property-3990887","Ma On Shan Symphony Bay","Unit B,High Floor,BLOCK 3,VILLA RHAPSODY","1327","10927","14.5","4","2","Midland Realty International Limited","4 Bedrooms , 2 Bathrooms Apartment SHKP"
"https://www.28hse.com/en/buy/apartment/property-3990344","Tuen Mun Castle Peak Road The Bloomsway","Unit B,Mid Floor,TOWER 2,THE LAGUNA","976","11578","11.3","4","3","Earnest Property Agency Ltd","4 Bedrooms , 3 Bathrooms South Apartment Kerry Clubhouse Maid bedroom Balcony Ensuite Swimming Pool View Sea view"
"https://www.28hse.com/en/buy/apartment/property-3990268","Tuen Mun Castle Peak Road The Bloomsway","Unit B,Mid Floor,TOWER 2,THE LAGUNA","976","11578","11.3","4","3","Century 21 Sky On Properties","4 Bedrooms , 3 Bathrooms Apartment Kerry Garden view Sea view Luxury Balcony Ensuite Maid bedroom Clubhouse"
"https://www.28hse.com/en/buy/apartment/property-3990140","Sheung Shui Woodland Crest","Unit H,Low Floor,BLOCK 8","1022","9237","9.44","3",,"Midland Reality","3 Bedrooms Apartment SHKP"
"https://www.28hse.com/en/buy/apartment/property-3990127","Sheung Shui Woodland Crest","Unit E,Mid Floor,BLOCK 5","976","12295","12","3",,"Centaline Property","3 Bedrooms South east Apartment SHKP River view Elegant"
"https://www.28hse.com/en/buy/apartment/property-3990083","Tuen Mun Castle Peak Road The Hillgrove","Mid Floor,CRESCENT II","1335","8839","11.8","3","2","Earnest Property Agency Ltd","3 Bedrooms , 2 Bathrooms South Apartment Wing Tai Duplex Apartment Ensuite Clubhouse Indoor Car Park Sea view Good view VR"
"https://www.28hse.com/en/buy/apartment/property-3990079","Tai Po Villa Lucca","Unit A,Mid Floor,TOWER 2,BUILDING","1160","13793","16","3","3","Midland Realty","3 Bedrooms , 3 Bathrooms South west Apartment Hysan"
"https://www.28hse.com/en/buy/apartment/property-3990054","Tai Po Villa Lucca","Unit C,Mid Floor,TOWER 2,BUILDING","1149","13316","15.3","3",,"Centaline Property Agency Limited","3 Bedrooms Apartment Hysan Luxury Good view Garden view Mountain view"
"https://www.28hse.com/en/buy/apartment/property-3989797","Pak Shek Kok Centra Horizon","Unit J,High Floor,TOWER 9","1019","15211","15.5","3",,"Centaline Property Agency Limited","3 Bedrooms South west Apartment Simple"
"https://www.28hse.com/en/buy/apartment/property-3989725","Tin Shui Wai Kingswood Villas","High Floor,BLOCK 4,KENSWOOD","1002","9431","9.45","4","2","Ricacorp Properties Limited","4 Bedrooms , 2 Bathrooms South east Apartment CK Asset"
"https://www.28hse.com/en/buy/apartment/property-3989510","Pak Shek Kok Mayfair By The Sea","Low Floor,TOWER 10,PHASE II","1078","13915","15","3",,"Centaline Property Agency Limited","3 Bedrooms North east Apartment Sino Garden view"
"https://www.28hse.com/en/buy/apartment/property-3989491","Pak Shek Kok The Horizon","Unit D,High Floor,Tower 2 Of Court B,Building","1071","11671","12.5","3","3","Ricacorp Properties","3 Bedrooms , 3 Bathrooms South east Apartment Billion Dev Elegant VR"
"https://www.28hse.com/en/buy/apartment/property-3989416","Tai Wai Parc Royale","Unit A,High Floor,TOWER 10","942","13588","12.8","3","2","Centaline Property Agency Ltd","3 Bedrooms , 2 Bathrooms South east Apartment Wheelock"
"https://www.28hse.com/en/buy/apartment/property-3989390","Fotan The Palazzo","Unit C,Low Floor,TOWER 7","921","15744","14.5","3","2","Midland Property","3 Bedrooms , 2 Bathrooms North west Apartment Sino Mountain view Good view"
"https://www.28hse.com/en/buy/apartment/property-3989370","Tuen Mun Castle Peak Road Crown By The Sea","High Floor,CROWN By The Sea","1026","8947","9.18","3",,"Centaline Property","3 Bedrooms South west Apartment CK Asset"
"https://www.28hse.com/en/buy/apartment/property-3989046","Tuen Mun Castle Peak Road Peridot Court","Mid Floor,BLOCK 5","1155","10216","11.8","4","3","Earnest Property Agency Ltd","4 Bedrooms , 3 Bathrooms South Apartment Elegant Indoor Car Park Sea view Maid bedroom Ensuite Balcony Clubhouse"
"https://www.28hse.com/en/buy/apartment/property-3989026","Tung Chung The Visionary","Unit E,Mid Floor,TOWER 3,BUILDING","963","12461","12","3","2","Centaline Property","3 Bedrooms , 2 Bathrooms Apartment Nan Fung VR"
"https://www.28hse.com/en/buy/apartment/property-3988950","Tsuen Wan Sham Tseng Bellagio","Unit D,Mid Floor,TOWER 1","935","12834","12","4","3","Earnest Property Agency Ltd","4 Bedrooms , 3 Bathrooms South west Apartment Wheelock Balcony Maid bedroom Ensuite Clubhouse Swimming Pool View Sea view"
"https://www.28hse.com/en/buy/apartment/property-3988928","Tsuen Wan Sham Tseng Royal Sea Crest","Unit B,Mid Floor,BLOCK 2","1056","7955","8.4","3","3","Midland Realty International Limited","3 Bedrooms , 3 Bathrooms South Apartment SHKP"
"https://www.28hse.com/en/buy/apartment/property-3988893","Tsuen Wan Sham Tseng Bellagio","Unit C,High Floor,TOWER 5","946","13636","12.9","3","2","Centaline Property","3 Bedrooms , 2 Bathrooms Apartment Wheelock Sea view VR"
"https://www.28hse.com/en/buy/apartment/property-3988759","Tung Chung Caribbean Coast","Low Floor,TOWER 16,Phase 4 Crystal Cove","927","10032","9.3","3","2","Tung Chung Property Agency Limited","3 Bedrooms , 2 Bathrooms North west Apartment CK Asset Garden view Elegant"
"https://www.28hse.com/en/buy/apartment/property-3988594","Pak Shek Kok Centra Horizon","Unit A,Low Floor,TOWER 6","965","13264","12.8","3","3","Midland Realty International Limited","3 Bedrooms , 3 Bathrooms Apartment Good view Swimming Pool View Elegant"
"https://www.28hse.com/en/buy/apartment/property-3988530","Tuen Mun Castle Peak Road Palatial Coast","Mid Floor,BLOCK 1,GRAND PACIFIC VIEW","1212","7838","9.5","3","2","Earnest Property Agency Ltd","3 Bedrooms , 2 Bathrooms South east Apartment Sea view Mountain view Indoor Car Park Shopping Mall nearby Maid bedroom Ensuite Clubhouse"
"https://www.28hse.com/en/buy/apartment/property-3988335","Tsuen Wan Long Beach Gardens","Unit A,High Floor,TOWER 1","1319","11751","15.5","4","3","Ricacorp Properties","4 Bedrooms , 3 Bathrooms South east Apartment Balcony Mountain view Good view Sea view Indoor Car Park"
"https://www.28hse.com/en/buy/apartment/property-3988331","Fotan The Grandville","Unit B,Low Floor,TOWER D,PHASE 1","922","13883","12.8","3","2","Midland Reality","3 Bedrooms , 2 Bathrooms South east Apartment Wing Tai Mountain view Good view Elegant"
"https://www.28hse.com/en/buy/apartment/property-3988307","Fotan Royal Ascot","Unit A,Mid Floor,BLOCK 11","1039","12878","13.38","3",,"Centaline Property Agency Limited","3 Bedrooms North west Apartment SHKP VR"
"https://www.28hse.com/en/buy/apartment/property-3988086","Tuen Mun Castle Peak Road Palatial Coast","Mid Floor,BLOCK 1,GRAND PACIFIC VIEW","1212","7838","9.5","4","3","Century 21 Sky On Properties","4 Bedrooms , 3 Bathrooms Apartment Good view Sea view Luxury Indoor Car Park"
"https://www.28hse.com/en/buy/apartment/property-3987870","Sheung Shui 633 Hang Tau, Kwu Tung","House","2100","6181","12.98","4","4","Owner (landlord)","4 Bedrooms , 4 Bathrooms landlord House Mountain view Good view Luxury Outdoor Car Park"
"https://www.28hse.com/en/buy/apartment/property-3826525","Yuen Long Village","House","4500","2884","12.98","5+","5+","Reaching Properties Ltd.","5+ Bedrooms , 5+ Bathrooms Apartment Village House House Mountain view Garden view Good view Building view Luxury Outdoor Car Park"
"https://www.28hse.com/en/buy/apartment/property-3987717","Tuen Mun Castle Peak Road Crown By The Sea","Unit B,High Floor,CROWN By The Sea","1026","8947","9.18","3",,"Centaline Property Agency Limited","3 Bedrooms South west Apartment CK Asset Sea view"
"https://www.28hse.com/en/buy/apartment/property-3987524","Fotan Royal Ascot","Unit D,Mid Floor,BLOCK 7","1041","12488","13","4","3","Honor Property Consultants Limited","4 Bedrooms , 3 Bathrooms Apartment SHKP Good view Luxury"
"https://www.28hse.com/en/buy/apartment/property-3987452","Fotan The Grandville","Unit A,High Floor,TOWER E,PHASE 1","905","14785","13.38","2","1","Centaline Property Agency Limited","2 Bedrooms , 1 Bathroom South east Apartment Wing Tai Good view Indoor Car Park VR"
"https://www.28hse.com/en/buy/apartment/property-3987102","Tai Po Richwood Park","High Floor,BLOCK 4,BUILDING","1040","8942","9.3","3",,"Ricacorp Properties","3 Bedrooms North east Apartment Garden view"
"https://www.28hse.com/en/buy/apartment/property-3986833","Tung Chung Caribbean Coast","Unit H,Low Floor,TOWER 16,Phase 4 Crystal Cove","927","10032","9.3","3",,"Ricacorp Properties","3 Bedrooms North west Apartment CK Asset"
"https://www.28hse.com/en/buy/apartment/property-3986649","Yuen Long Village","underground","1400","6057","8.48","4","3","Home Expert Property Agent Limited","4 Bedrooms , 3 Bathrooms Village House Garden view Luxury Indoor Car Park Garden Balcony Duplex Apartment"
"https://www.28hse.com/en/buy/apartment/property-3986592","Tsuen Wan Sham Tseng Hong Kong Garden","Mid Floor,BLOCK 22,PHASE 3","1381","9993","13.8","4","3","Earnest Property Agency Ltd","4 Bedrooms , 3 Bathrooms South east Apartment Chinachem Sea view Maid bedroom Balcony Ensuite"
"https://www.28hse.com/en/buy/apartment/property-3986363","Fotan The Grandville","Unit B,Mid Floor,TOWER C,PHASE 1","922","13970","12.88","3","2","Ricacorp Properties","3 Bedrooms , 2 Bathrooms South east Apartment Wing Tai"
"https://www.28hse.com/en/buy/apartment/property-3986346","Shatin Dragons Range","Unit D,Mid Floor,TOWER 3,COURT C","944","13242","12.5","3","2","Ricacorp Properties","3 Bedrooms , 2 Bathrooms North west Apartment Kerry"
"https://www.28hse.com/en/buy/apartment/property-3986336","Fotan Rosary Villas","High Floor,Block 10","1431","10832","15.5","3","2","Ricacorp Properties","3 Bedrooms , 2 Bathrooms South east Apartment VR"
"https://www.28hse.com/en/buy/apartment/property-3986285","Lai Chi Kok One West Kowloon","Unit A,Mid Floor,TOWER 2","973","15211","14.8","4","3","Hey Home Property Limited","4 Bedrooms , 3 Bathrooms South east Apartment CK Asset Elegant"
"https://www.28hse.com/en/buy/apartment/property-3986158","Tuen Mun Castle Peak Road Avignon","Low Floor,TOWER 11,大廈","1142","9457","10.8","4","3","Earnest Property Agency Ltd","4 Bedrooms , 3 Bathrooms South Apartment SHKP Garden view Maid bedroom Clubhouse Ensuite Garden Indoor Car Park VR"
"https://www.28hse.com/en/buy/apartment/property-3906635","Mei Foo Mei Foo Sun Chuen","Mid Floor,NO.50 BROADWAY,PHASE 2","959","11992","11.5","3","1","Tai Tung Property (mei Foo) Agency Company","3 Bedrooms , 1 Bathroom Apartment New World Elegant Good view"
"https://www.28hse.com/en/buy/apartment/property-3985990","Tung Chung Coastal Skyline","Unit B,Mid Floor,BLOCK 1,PHASE 1","911","13172","12","3","2","Tung Chung Property Agency Limited","3 Bedrooms , 2 Bathrooms North Apartment HKR Good view Sea view Elegant"
"https://www.28hse.com/en/buy/apartment/property-3985988","Tuen Mun Castle Peak Road Avignon","Low Floor,TOWER 11,大廈","1142","9457","10.8","5+","3","Century 21 Sky On Properties","5+ Bedrooms , 3 Bathrooms Apartment SHKP Garden view Good view Luxury Garden Ensuite Maid bedroom Clubhouse"
"https://www.28hse.com/en/buy/apartment/property-3985707","To Kwa Wan Tin Kwong Road","Tianguang Road","1378","7184","9.9",,,"Centaline Property","Sold"
"https://www.28hse.com/en/buy/apartment/property-3985698","Ho Man Tin 1 Perth Street","Bafu Building","1270","11024","14","3",,"Centaline Property","3 Bedrooms Apartment VR"
"https://www.28hse.com/en/buy/apartment/property-3985695","Ho Man Tin Tip Top Mansion","Unit A,High Floor,Tip Top Mansion","1346","10773","14.5","3",,"Centaline Property","3 Bedrooms Apartment VR"
"https://www.28hse.com/en/buy/apartment/property-3985548","Yuen Long Carpi Villa","Yuangang New Village","2100","5895","12.38","4",,"Mid","4 Bedrooms Village House Mountain view Elegant"
"https://www.28hse.com/en/buy/apartment/property-3860792","Kwai Chung Wonderland Villas","Unit B,High Floor,BLOCK 13","1172","11092","13","3","2","Apex Property Agency Ltd","3 Bedrooms , 2 Bathrooms South east Apartment SHKP Sea view Luxury"
"https://www.28hse.com/en/buy/apartment/property-3831289","Sai Kung Village","Full thickness","2100","6095","12.8","5+","4","Ocean Realty","5+ Bedrooms , 4 Bathrooms Village House Outdoor Car Park Garden Balcony Roof top"
"https://www.28hse.com/en/buy/apartment/property-4025496","The Lohas Lp6","Unit B,Low Floor,TOWER 1 LP6","1086","14733","16","4","3","Midland Realty","4 Bedrooms , 3 Bathrooms South west Apartment Nan Fung Good view Sea view Simple Ensuite Maid bedroom Clubhouse"
"https://www.28hse.com/en/buy/apartment/property-3973001","The Lohas Le Prime Of Le Prestige","Unit LA,High Floor,TOWER 6","987","12543","12.38","4","2","Homewise Properties Limited","4 Bedrooms , 2 Bathrooms South west Apartment CK Asset Good view Building view Sea view Balcony Ensuite Maid bedroom"
"https://www.28hse.com/en/buy/apartment/property-4024880","Pak Shek Kok Mayfair By The Sea","Unit C,High Floor,TOWER 20,PHASE I","905","13260","12","3",,"Midland Realty International Limited","3 Bedrooms Apartment Sino"
"https://www.28hse.com/en/buy/apartment/property-4024768","Tsim Sha Tsui Chungking Mansion","Unit A5,Mid Floor,Chungking Mansion","964","5394","5.2",,,"Hey Home Property Limited","North west Western Style Bldg MTR nearby Shopping Mall nearby"
"https://www.28hse.com/en/buy/apartment/property-4024751","Tuen Mun Castle Peak Road Dragon Inn Court","Unit A,Low Floor,BLOCK 3","970","7732","7.5","3","2","Ricacorp Properties","3 Bedrooms , 2 Bathrooms South west Apartment"
"https://www.28hse.com/en/buy/apartment/property-4024687","Tai Po Villa Castell","BLOCK 39,Villa Castell","915","9945","9.1","3","2","Ricacorp Properties","3 Bedrooms , 2 Bathrooms Apartment Garden view Swimming Pool View"
"https://www.28hse.com/en/buy/apartment/property-4024657","Tuen Mun Castle Peak Road Avignon","Unit C,Low Floor,TOWER 5,大廈","1580","9177","14.5","4","3","Centaline Property Agency Limited","4 Bedrooms , 3 Bathrooms Apartment SHKP"
"https://www.28hse.com/en/buy/apartment/property-4024648","Tuen Mun Castle Peak Road The Hillgrove","Unit A,Low Floor,CRESCENT VI","1653","9074","15","5+","5+","Centaline Property Agency Limited","5+ Bedrooms , 5+ Bathrooms Apartment Wing Tai Indoor Car Park Garden Include Powder Room VR"
"https://www.28hse.com/en/buy/apartment/property-4024626","Tuen Mun Castle Peak Road Avignon","Unit A,Low Floor,TOWER 11,大廈","1142","10070","11.5","3",,"Centaline Property Agency Limited","3 Bedrooms Apartment SHKP VR"
"https://www.28hse.com/en/buy/apartment/property-4024621","Tuen Mun Castle Peak Road The Hillgrove","Unit B,Low Floor,EBONY II","941","7970","7.5","3","1","Centaline Property Agency Limited","3 Bedrooms , 1 Bathroom Apartment Wing Tai"
"https://www.28hse.com/en/buy/apartment/property-4024618","Tai Po The Paragon","Unit A,High Floor,BLOCK 12","1109","10099","11.2","3","2","Ricacorp Properties","3 Bedrooms , 2 Bathrooms Apartment Indoor Car Park VR"
"https://www.28hse.com/en/buy/apartment/property-4024617","Tuen Mun Castle Peak Road Oma Oma","Unit E,Low Floor,TOWER 1A","1019","13543","13.8","3","3","Centaline Property Agency Limited","3 Bedrooms , 3 Bathrooms Apartment Wing Tai VR"
"https://www.28hse.com/en/buy/apartment/property-4024525","Yuen Long Palm Springs","Whole Block,Phase 1A (Monterey) Osmanthus Path","967","12927","12.5","3",,"Centaline Property Agency Limited","3 Bedrooms Apartment"
"https://www.28hse.com/en/buy/apartment/property-4024305","The Lohas Hemera","Unit RB,Mid Floor,TOWER 3","943","12725","12","4",,"Midland Realty","4 Bedrooms North west Apartment Henderson Mountain view Good view River view Luxury"
"https://www.28hse.com/en/buy/apartment/property-4024219","Yuen Long Palm Springs","Whole Block,Phase 1A (Monterey) Begonia Path","1014","11341","11.5","3","2","Centaline Property Agency Limited","3 Bedrooms , 2 Bathrooms South Apartment Elegant Include Powder Room"
"https://www.28hse.com/en/buy/apartment/property-4024196","Pak Shek Kok Providence Peak","Mid Floor,TOWER 6,BUILDING","1010","13861","14","3",,"Centaline Property","3 Bedrooms North east Apartment Sino VR"
"https://www.28hse.com/en/buy/apartment/property-3725763","Tuen Mun Castle Peak Road Le Pont","Unit E,Low Floor,TOWER 1B,BUILDING","1248","11122","13.88","4","3","Owner (landlord)","4 Bedrooms , 3 Bathrooms landlord Apartment Vanke"
"https://www.28hse.com/en/buy/apartment/property-3785590","Yuen Long Village","1","1400","5143","7.2","4",,"Hang Shun Real Estate Strategy Limited","4 Bedrooms Village House Good view Duplex Apartment Garden Ensuite Elegant"
"https://www.28hse.com/en/buy/apartment/property-4023624","Tai Po Villa Castell","BLOCK 40,Villa Castell","915","11290","10.33","3",,"Midland Realty International Limited","3 Bedrooms Apartment Garden view Swimming Pool View Elegant Indoor Car Park"
"https://www.28hse.com/en/buy/apartment/property-4023366","Tai Po The Beverly Hills","Whole Block,BOULEVARD DU PALAIS","1606","9215","14.8","5+","3","Centaline Property Agency Limited","5+ Bedrooms , 3 Bathrooms Apartment Indoor Car Park Mountain view Simple"
"https://www.28hse.com/en/buy/apartment/property-4023279","Shatin Forest Hill","Unit 1,Mid Floor,BLOCK B","934","13704","12.8","3",,"Centaline Property Agency Limited","3 Bedrooms South east Apartment VR"
"https://www.28hse.com/en/buy/apartment/property-4023247","Pak Shek Kok Providence Peak","Unit B,Mid Floor,TOWER 6,BUILDING","1010","13861","14","3",,"Centaline Property Agency Limited","3 Bedrooms North east Apartment Sino VR"
"https://www.28hse.com/en/buy/apartment/property-3881699","Shatin Lakeview Garden","High Floor,TOWER 1,BUILDING","1017","10816","11","3","2","Shing Sai Property Agency Ltd. (tai Wai Branch)","3 Bedrooms , 2 Bathrooms Apartment Nan Fung Mountain view Good view City view Roof top"
"https://www.28hse.com/en/buy/apartment/property-4022909","Pak Shek Kok Mayfair By The Sea 8","Unit B,Low Floor,Tower 2","1008","15079","15.2","4","2","Centaline Property Agency Limited","4 Bedrooms , 2 Bathrooms Apartment Sino Good view Building view Simple VR"
"https://www.28hse.com/en/buy/apartment/property-4022510","The Lohas Le Prestige","Unit RD,High Floor,TOWER 5","974","10986","10.7","4","2","Ricacorp Properties","4 Bedrooms , 2 Bathrooms North east Apartment CK Asset Mountain view Elegant Include Powder Room"
"https://www.28hse.com/en/buy/apartment/property-4022374","Ho Man Tin Prince's Heights","Unit C,Mid Floor,STAGE II","1152","12066","13.9","3","2","Ricacorp Properties","3 Bedrooms , 2 Bathrooms South east Apartment Western Style Bldg Outdoor Car Park"
"https://www.28hse.com/en/buy/apartment/property-4022299","Shatin Garden Vista","Mid Floor,BLOCK C","1102","10617","11.7","3","2","Midland Realty","3 Bedrooms , 2 Bathrooms South east Apartment Henderson Good view Simple"
"https://www.28hse.com/en/buy/apartment/property-4022082","Ho Man Tin Prince's Heights","Unit C,Mid Floor,STAGE II","1152","12066","13.9","4","3","Midland Realty International Limited","4 Bedrooms , 3 Bathrooms North east Apartment Mountain view Garden view Elegant Outdoor Car Park VR"
"https://www.28hse.com/en/buy/apartment/property-2973649","Tuen Mun Village","Whole building","2100","4229","8.88",,,"Fanling Property Co., Ltd","Village House Simple"
"https://www.28hse.com/en/buy/apartment/property-4021714","Pak Shek Kok Centra Horizon","Unit D,Low Floor,TOWER 5","1022","14579","14.9","3","2","Centaline Property Agency Limited","3 Bedrooms , 2 Bathrooms North west Apartment Garden view Good view VR"
"https://www.28hse.com/en/buy/apartment/property-4021546","Yuen Long Seasons Palace","Whole Block,KAM SHEUNG ROAD","926","11339","10.5","3",,"Midland Realty","3 Bedrooms Apartment House CK Asset Elegant Outdoor Car Park"
"https://www.28hse.com/en/buy/apartment/property-4020823","Yau Tong Peninsula East","Unit A,Low Floor,TOWER 2","999","13514","13.5","4","3","中原地產代理有限公司","4 Bedrooms , 3 Bathrooms North west Apartment Wheelock Sea view"
"https://www.28hse.com/en/buy/apartment/property-4020810","Tai Po The Paramount","Unit A,High Floor,Block 10","928","11853","11","3","3","Centaline Property Agency Limited","3 Bedrooms , 3 Bathrooms Apartment CK Asset Swimming Pool View Luxury Indoor Car Park Roof top Ensuite VR"
"https://www.28hse.com/en/buy/apartment/property-4020675","Ho Man Tin May Moon House","Unit A,Low Floor,May Moon House","986","9635","9.5","3","2","Hey Home Property Limited","3 Bedrooms , 2 Bathrooms Stand-alone Building Good school zone"
"https://www.28hse.com/en/buy/apartment/property-4020609","Ho Man Tin Tip Top Mansion","Unit A,High Floor,Tip Top Mansion","1346","10773","14.5","3","2","Grand Harvest Property Agency Co., Limited","3 Bedrooms , 2 Bathrooms Stand-alone Building Indoor Car Park Balcony Ensuite Maid bedroom Good school zone"
"https://www.28hse.com/en/buy/apartment/property-3948744","Tai Po Savanna Garden","Mid Floor,BLOCK 43,BUILDING","958","8977","8.6","3","2","Century 21 Deluxe Home Property Ltd","3 Bedrooms , 2 Bathrooms Apartment Elegant Include Powder Room"
"https://www.28hse.com/en/buy/apartment/property-4019992","Kowloon Tong Avon Court","Unit D,Mid Floor,Avon Court","926","15119","14","3","3","Midland Realty International Limited","3 Bedrooms , 3 Bathrooms East Apartment Building view Good view Indoor Car Park Sole Agent"
"https://www.28hse.com/en/buy/apartment/property-4019687","Shatin Dragons Range","Mid Floor,TOWER 3,COURT C","944","12500","11.8","3","2","Century 21 Goodwin Property Shatin Luxury","3 Bedrooms , 2 Bathrooms Apartment Kerry Mountain view Garden view Good view Luxury Balcony Ensuite Maid bedroom"
"https://www.28hse.com/en/buy/apartment/property-4019141","Ma On Shan Symphony Bay","Unit F,Low Floor,BLOCK 7,VILLA CONCERTO","1031","12609","13","3","2","Ricacorp Properties","3 Bedrooms , 2 Bathrooms Apartment SHKP Indoor Car Park Elegant Sole Agent"
"https://www.28hse.com/en/buy/apartment/property-4018929","Kwai Chung Wonderland Villas","Unit B,High Floor,BLOCK 9","1193","11567","13.8","3","2","Apex Property Agency Ltd","3 Bedrooms , 2 Bathrooms South east Apartment SHKP Garden view Good view Elegant"
"https://www.28hse.com/en/buy/apartment/property-4018893","Ho Man Tin Cambridge Mansion","Unit B,Low Floor,Cambridge Building","1130","11416","12.9","3",,"Centaline Property Agency Limited","3 Bedrooms Apartment"
"https://www.28hse.com/en/buy/apartment/property-4018798","Sheung Shui Eden Manor","Unit B,Mid Floor,TOWER 2,BUILDING","1109","13526","15","4",,"Centaline Property","4 Bedrooms Apartment Henderson"
"https://www.28hse.com/en/buy/apartment/property-4018699","Tai Po Villa Castell","BLOCK 40,Villa Castell","915","11344","10.38","3","2","Centaline Property Agency Limited","3 Bedrooms , 2 Bathrooms South Apartment Indoor Car Park Mountain view Swimming Pool View Good view Garden view Roof top Clubhouse"
"https://www.28hse.com/en/buy/apartment/property-4017902","Yuen Long Palm Springs","Whole Block,Phase 1C (Westwood) Orchid","1377","8860","12.2","3","3","Midland Realty International Limited","3 Bedrooms , 3 Bathrooms South House Apartment Garden view Good view Outdoor Car Park Balcony Ensuite Garden"
"https://www.28hse.com/en/buy/apartment/property-4017387","Sheung Shui Woodland Crest","Unit C,Low Floor,BLOCK 7","942","8386","7.9","3",,"Midland Realty International Limited","3 Bedrooms North west Apartment SHKP"
"https://www.28hse.com/en/buy/apartment/property-3976432","Tai Po Village","House","1400","5571","7.8",,,"Village House Property Agency Limited","Village House House Elegant Garden Ensuite Duplex Apartment MTR nearby Shopping Mall nearby Good school zone"
"https://www.28hse.com/en/buy/apartment/property-4017172","Clear Water Bay Hillview Court","Unit C,High Floor,BLOCK 3","997","12036","12","3","3","Ricacorp Properties","3 Bedrooms , 3 Bathrooms Apartment Mountain view Indoor Car Park"
"https://www.28hse.com/en/buy/apartment/property-4016785","Yuen Long Palm Springs","House","967","10838","10.48","3","1","Hang Shun Real Estate Strategy Limited","3 Bedrooms , 1 Bathroom House Outdoor Car Park Elegant"
"https://www.28hse.com/en/buy/apartment/property-3958720","Sai Kung Village","twenty two","1200","8333","10","3","2","Everyday Property","3 Bedrooms , 2 Bathrooms Village House"
"https://www.28hse.com/en/buy/apartment/property-4015849","Sai Kung Rise Park Villa","32","1574","9212","14.5","3","3","Ricacorp Properties","3 Bedrooms , 3 Bathrooms South Apartment Mountain view"
"https://www.28hse.com/en/buy/apartment/property-4015826","Clear Water Bay Hillview Court","Unit C,Mid Floor,BLOCK 1","1143","11269","12.88","3","1","Ricacorp Properties","3 Bedrooms , 1 Bathroom Apartment"
"https://www.28hse.com/en/buy/apartment/property-3926331","Quarry Bay Elegance House","Unit A2,Mid Floor,Elegance House","1518","10408","15.8","3","2","Elegant Property Agency Ltd","3 Bedrooms , 2 Bathrooms North east Stand-alone Building Good view City view Sea view Balcony Sole Agent"
"https://www.28hse.com/en/buy/apartment/property-4015634","Yuen Long Riva","High Floor,TOWER 1,HELORUS BOULEVARD","1043","11505","12","4","3","Midland Realty","4 Bedrooms , 3 Bathrooms South east Apartment"
"https://www.28hse.com/en/buy/apartment/property-4015108","Tai Po Grand Palisades","Mid Floor,BLOCK 9","942","11465","10.8","3",,"Centaline Property","3 Bedrooms North Apartment Sino"
"https://www.28hse.com/en/buy/apartment/property-4015087","Fotan Royal Ascot","Unit G,Low Floor,BLOCK 11","974","14887","14.5","3",,"Midland Realty","3 Bedrooms South east Apartment SHKP"
"https://www.28hse.com/en/buy/apartment/property-4014836","Tung Chung The Visionary","Unit A,Mid Floor,TOWER 3,BUILDING","1031","13579","14","3","3","Midland Realty International Limited","3 Bedrooms , 3 Bathrooms Apartment Nan Fung Mountain view Good view"
"https://www.28hse.com/en/buy/apartment/property-4014747","Tai Po The Beverly Hills","Whole Block,BOULEVARD DU PALAIS","1606","9215","14.8","5+","2","Centaline Property","5+ Bedrooms , 2 Bathrooms Apartment House Elegant Indoor Car Park"
"https://www.28hse.com/en/buy/apartment/property-4014617","Tsuen Wan The Cairnhill","Unit A,Mid Floor,BLOCK 8,PHASE 1","1008","11687","11.78","3","1","Centaline","3 Bedrooms , 1 Bathroom South Apartment"
"https://www.28hse.com/en/buy/apartment/property-3929074","Causeway Bay Towning Mansion","Mid Floor,Twoning Mansion","1112","13040","14.5","3","2","Victoria Harbor Property Agency","3 Bedrooms , 2 Bathrooms Stand-alone Building Simple Balcony Maid bedroom MTR nearby Shopping Mall nearby Good school zone"
"https://www.28hse.com/en/buy/apartment/property-4013848","Tai Po Forest Hill","Whole Block,House 23","1586","8575","13.6","3","2","Midland Realty International Limited","3 Bedrooms , 2 Bathrooms Apartment Elegant"
"https://www.28hse.com/en/buy/apartment/property-4013759","Ma On Shan Monte Vista","Unit B,High Floor,BLOCK 12","1037","12806","13.28","3","2","Centaline Property","3 Bedrooms , 2 Bathrooms South Apartment Hutchison Whampoa Terrace Duplex Apartment VR"
"https://www.28hse.com/en/buy/apartment/property-4013745","Ma On Shan Symphony Bay","Unit B,High Floor,BLOCK 3,VILLA CONCERTO","1031","12415","12.8","3","1","Centaline Property","3 Bedrooms , 1 Bathroom West Apartment SHKP Elegant VR"
"https://www.28hse.com/en/buy/apartment/property-4013219","Shatin Garden Vista","Unit 1,Low Floor,BLOCK B","908","11762","10.68","3","2","Midland Realty","3 Bedrooms , 2 Bathrooms Apartment Henderson Mountain view Ensuite Good school zone Luxury Indoor Car Park"
"https://www.28hse.com/en/buy/apartment/property-3922295","Mong Kok Sun Hing Building","High Floor,Sun Hing Building","1259","4925","6.2",,,"Hey Home Property Limited","Western Style Bldg Stand-alone Building With tenant agreement MTR nearby Shopping Mall nearby Sole Agent"
"https://www.28hse.com/en/buy/apartment/property-4012581","Fotan Royal Ascot","Unit H,High Floor,BLOCK 9","1039","14918","15.5","3","3","Centaline Property Agency Limited","3 Bedrooms , 3 Bathrooms South east Apartment SHKP River view"
"https://www.28hse.com/en/buy/apartment/property-4012503","Tai Wai Village","200","1400","8571","12","4","3","Kingswood Properties Limited","4 Bedrooms , 3 Bathrooms Village House Duplex Apartment Good school zone"
"https://www.28hse.com/en/buy/apartment/property-4011524","Tai Po Casa Marina","Whole Block,CASA MARINA II","1446","8645","12.5","3","2","Centaline Property","3 Bedrooms , 2 Bathrooms Apartment House Henderson Clubhouse Garden Whole floor Balcony Indoor Car Park Good view"
"https://www.28hse.com/en/buy/apartment/property-4011483","Tai Po The Balmoral","Unit ST-WINDSOR,Mid Floor,TOWER 3","976","11475","11.2","3","2","Centaline Property","3 Bedrooms , 2 Bathrooms Apartment Sino Garden view Maid bedroom Clubhouse Ensuite Balcony Indoor Car Park"
"https://www.28hse.com/en/buy/apartment/property-4010956","The Lohas Le Prestige","Unit LD,High Floor,TOWER 5","972","11008","10.7","4","2","Centaline Property","4 Bedrooms , 2 Bathrooms South east Apartment CK Asset Mountain view Good view Elegant"
"https://www.28hse.com/en/buy/apartment/property-3696806","Shatin Mantex Villa","2","1338","11958","16","4","3","Shing Sai Property Agency Ltd. (tai Wai Branch)","4 Bedrooms , 3 Bathrooms South east Apartment Village House"
"https://www.28hse.com/en/buy/apartment/property-4009931","The Lohas Le Prestige","Unit RD,Low Floor,TOWER 1","977","10952","10.7","4","2","Midland Realty International Limited","4 Bedrooms , 2 Bathrooms North east Apartment CK Asset"
"https://www.28hse.com/en/buy/apartment/property-4009755","Tai Po Villa Castell","BLOCK 41,Villa Castell","915","9836","9","3","3","Century 21 Property Agency (pak Shek Kok) Limited","3 Bedrooms , 3 Bathrooms South Apartment Swimming Pool View"
"https://www.28hse.com/en/buy/apartment/property-4009653","Yuen Long The Hampstead Reach","Whole Block,House","1764","8384","14.79","4","3","Centaline Property Agency Limited","4 Bedrooms , 3 Bathrooms Apartment Henderson Good view Simple Garden Balcony Roof top Terrace Ensuite"
"https://www.28hse.com/en/buy/apartment/property-4009365","The Lohas Hemera","Unit LB,Mid Floor,TOWER 5","950","12263","11.65","4","2","Ricacorp","4 Bedrooms , 2 Bathrooms North west Apartment Henderson Sea view"
"https://www.28hse.com/en/buy/apartment/property-4009075","Yuen Long Yoho Midtown","Unit D,Low Floor,TOWER M2","917","13304","12.2","3","3","Ricacorp Properties","3 Bedrooms , 3 Bathrooms South Apartment SHKP Garden view"
"https://www.28hse.com/en/buy/apartment/property-4008557","Tai Po Grand Palisades","Low Floor,BLOCK 1","980","10714","10.5","3","2","Midland Realty International Limited","3 Bedrooms , 2 Bathrooms North west Apartment Sino VR"
"https://www.28hse.com/en/buy/apartment/property-4008501","Mong Kok Kwok Chai Building","Unit ST-137,Low Floor,Kwok Chai Building","920","8565","7.88","3","3","Sun Sky Estate Agency Ltd.","3 Bedrooms , 3 Bathrooms Stand-alone Building"
"https://www.28hse.com/en/buy/apartment/property-4007204","Sai Kung Hing Keng Shek","123","2100","7143","15","4","3","Ricacorp Properties","4 Bedrooms , 3 Bathrooms Apartment Village House Mountain view Luxury Outdoor Car Park"
"https://www.28hse.com/en/buy/apartment/property-4006329","Tai Wai Hill Paramount","High Floor,BLOCK 1,BUILDING","1131","14147","16","3","3","Midland Reality","3 Bedrooms , 3 Bathrooms South east Apartment Henderson"
"https://www.28hse.com/en/buy/apartment/property-4006218","The Lohas Le Prestige","Unit LD,High Floor,TOWER 5","972","11317","11","4","3","Midland Realty","4 Bedrooms , 3 Bathrooms Apartment CK Asset Sole Agent"
"https://www.28hse.com/en/buy/apartment/property-4006204","Kowloon City Billionnaire Royale","1","1050","13295","13.96","3","2","Century 21 Kai Fung Properties Agency","3 Bedrooms , 2 Bathrooms South west Apartment Chinachem"
"https://www.28hse.com/en/buy/apartment/property-4005692","Fanling Dawning Views","High Floor,BLOCK 10","940","10553","9.92","3",,"Midland Realty","3 Bedrooms North east Apartment Henderson"
"https://www.28hse.com/en/buy/apartment/property-4005449","Fanling Dawning Views","Unit A,High Floor,BLOCK 10","940","11170","10.5","4","3","Flora Plaza","4 Bedrooms , 3 Bathrooms Apartment Henderson Luxury"
"https://www.28hse.com/en/buy/apartment/property-3939472","Hung Hom Hunghom Bay Centre","Middle Floor","956","12866","12.3","3",,"Sunrise Property Hk Agency Ltd","3 Bedrooms Apartment"
"https://www.28hse.com/en/buy/apartment/property-4005027","Tai Po The Paramount","Unit B,Mid Floor,Block 9","916","11463","10.5","3",,"Midland Realty International Limited","3 Bedrooms Apartment CK Asset Elegant Swimming Pool View Garden view Mountain view Indoor Car Park"
"https://www.28hse.com/en/buy/apartment/property-3956442","Sai Kung Villa Royale","Whole Block,House","1232","10942","13.48","3","4","Ocean Realty","3 Bedrooms , 4 Bathrooms Apartment Western Style Bldg Good view Elegant Outdoor Car Park Garden Roof top Ensuite"
"https://www.28hse.com/en/buy/apartment/property-4004089","Yuen Long Fairview Park","Whole Block,ZONE A","915","12022","11","3",,"Midland Realty","3 Bedrooms North east Apartment Elegant River view"
"https://www.28hse.com/en/buy/apartment/property-3960571","North Point City Garden","Mid Floor,BLOCK 11","1062","13653","14.5","4","3","Shun Tak Property Agency Company Limited","4 Bedrooms , 3 Bathrooms Apartment CK Asset Elegant Maid bedroom Clubhouse MTR nearby Ensuite Sole Agent"
"https://www.28hse.com/en/buy/apartment/property-4003671","Tai Po Forest Hill","Whole Block,House 23","1586","8701","13.8","3",,"Centaline Property","3 Bedrooms Apartment Elegant Roof top Duplex Apartment"
"https://www.28hse.com/en/buy/apartment/property-3900513","Kwun Tong Nam Hong Building","High Floor,BLOCK 2","970","9670","9.38","4","2","Tang Tat Hong Property Agency","4 Bedrooms , 2 Bathrooms South west Apartment Western Style Bldg Mountain view Garden view Good view Sea view Simple Indoor Car Park"
"https://www.28hse.com/en/buy/apartment/property-4002849","Causeway Bay Bay View Mansion","High Floor,Block B","900","9778","8.8","3","1","Hoi Fu Property","3 Bedrooms , 1 Bathroom Western Style Bldg Stand-alone Building Building view Simple"
"https://www.28hse.com/en/buy/apartment/property-3014606","Yuen Long Village","1","1400","5857","8.2","4","3","Hang Shun Real Estate Strategy Limited","4 Bedrooms , 3 Bathrooms Village House Elegant Garden view Good view Ensuite Balcony Garden"
"https://www.28hse.com/en/buy/apartment/property-2719358","Yuen Long Village","1","2100","6571","13.8","5+","3","Hang Shun Real Estate Strategy Limited","5+ Bedrooms , 3 Bathrooms Village House Elegant Garden view Good view Roof top Ensuite Garden Balcony Sole Agent"
"https://www.28hse.com/en/buy/apartment/property-4002509","Tuen Mun Castle Peak Road Dragon Inn Court","Unit B,Mid Floor,BLOCK 2","970","6711","6.51","3","2","Centaline Property","3 Bedrooms , 2 Bathrooms Apartment Carpark"
"https://www.28hse.com/en/buy/apartment/property-4002463","Tai Po The Paramount","Unit A,High Floor,Block 10","928","11853","11","3",,"Ricacorp Properties","3 Bedrooms Apartment CK Asset"
"https://www.28hse.com/en/buy/apartment/property-4002178","The Lohas Le Prestige","Unit RD,Low Floor,TOWER 1","977","10747","10.5","4","2","Midland Realty","4 Bedrooms , 2 Bathrooms North east Apartment CK Asset Mountain view Good view Simple Balcony Ensuite Maid bedroom"
"https://www.28hse.com/en/buy/apartment/property-4002166","Kowloon Tong Avon Court","Unit D,Mid Floor,Avon Court","926","15119","14","3","2","Midland Realty International Limited","3 Bedrooms , 2 Bathrooms East Apartment Indoor Car Park Garden view Good view"
"https://www.28hse.com/en/buy/apartment/property-4002145","Tuen Mun Castle Peak Road Avignon","High Floor,TOWER 5,大廈","1390","11511","16","4","3","South Properties","4 Bedrooms , 3 Bathrooms North east Apartment SHKP Mountain view Good view Luxury Indoor Car Park Sole Agent"
"https://www.28hse.com/en/buy/apartment/property-4002142","Shatin Pictorial Garden","Unit C,Mid Floor,ELEGANT COURT--BLOCK C","1119","12958","14.5","4","3","Centaline Property Agency Limited","4 Bedrooms , 3 Bathrooms North west Apartment Chinachem River view Indoor Car Park"
"https://www.28hse.com/en/buy/apartment/property-4002068","Pak Shek Kok Providence Peak","Mid Floor,TOWER 6,BUILDING","1010","13366","13.5","3","3","Midland Realty International Limited","3 Bedrooms , 3 Bathrooms North east Apartment Sino Garden view Good view Building view Swimming Pool View"
"https://www.28hse.com/en/buy/apartment/property-4001749","Kowloon Tong Ava Court","Unit D,High Floor,Ava Court","930","11828","11","3","2","Midland Realty International Limited","3 Bedrooms , 2 Bathrooms North east Apartment City view"
"https://www.28hse.com/en/buy/apartment/property-4001739","Clear Water Bay Mount Pavilia","Unit E,Mid Floor,Tower 7","968","14669","14.2","1","2","Midland Realty International Limited","1 Bedroom , 2 Bathrooms Apartment New World Luxury"
"https://www.28hse.com/en/buy/apartment/property-4001683","Yuen Long Palm Springs","Whole Block,Phase 1C (Westwood) Michelia","1377","10022","13.8","3","2","Midland Property","3 Bedrooms , 2 Bathrooms South Apartment House Mountain view Garden view Indoor Car Park Garden Balcony Roof top"
"https://www.28hse.com/en/buy/apartment/property-4001403","Ho Man Tin Imperial Court","Mid Floor,Imperial Court","1037","6924","7.18",,"1","Fu Wing Property Agency","Studio , 1 Bathroom Western Style Bldg Elegant Balcony Good school zone Maid bedroom MTR nearby Shopping Mall nearby"
"https://www.28hse.com/en/buy/apartment/property-4001040","Ho Man Tin Nos.1-3 Perth Street","3","1270","11244","14.28","2","3","United Properties Limited","2 Bedrooms , 3 Bathrooms South Western Style Bldg Stand-alone Building Good view City view Elegant Balcony Ensuite Maid bedroom"
"https://www.28hse.com/en/buy/apartment/property-4000406","Tai Po Savanna Garden","Mid Floor,BLOCK 49,BUILDING","962","9231","8.88","3","2","Centaline Property","3 Bedrooms , 2 Bathrooms Apartment Balcony Maid bedroom Clubhouse Ensuite Elegant Good view Indoor Car Park VR"
"https://www.28hse.com/en/buy/apartment/property-4000261","Yuen Long Palm Springs","Whole Block,Phase 1C (Westwood) Cherry","1371","10212","14","3",,"Midland Realty","3 Bedrooms South Apartment Mountain view"
"https://www.28hse.com/en/buy/apartment/property-4000256","Kowloon Tong Ava Court","Unit F,High Floor,Ava Court","976","13268","12.95","3","2","Midland Realty International Limited","3 Bedrooms , 2 Bathrooms North east Apartment Good view Building view Outdoor Car Park"
"https://www.28hse.com/en/buy/apartment/property-3082199","Tai Po Village","House","1400","7343","10.28",,,"Village House Property Agency Limited","Apartment Village House House Mountain view Garden view Building view Elegant Indoor Car Park Garden Balcony"
"https://www.28hse.com/en/buy/apartment/property-3699362","Tai Po Village","House","2100","6095","12.8",,,"Village House Property Agency Limited","Apartment Village House House Mountain view Garden view Good view City view Outdoor Car Park Garden Roof top"
"https://www.28hse.com/en/buy/apartment/property-4000220","Tai Po Forest Hill","Whole Block,House 35","1379","10515","14.5","3","4","Ricacorp Properties","3 Bedrooms , 4 Bathrooms North Apartment Duplex Apartment Elegant"
"https://www.28hse.com/en/buy/apartment/property-3999508","Yuen Long Fairview Park","Whole Block,ZONE M","915","10929","10","3","2","Centaline Property Agency Limited","3 Bedrooms , 2 Bathrooms Apartment Outdoor Car Park"
"https://www.28hse.com/en/buy/apartment/property-3999439","Yuen Long Scenic Heights","Whole Block,House","1666","8283","13.8","4",,"Centaline Property Agency Limited","4 Bedrooms Apartment Elegant"
"https://www.28hse.com/en/buy/apartment/property-3999425","Yuen Long Fairview Park","Whole Block,ZONE C","1035","13043","13.5","3","2","Centaline Property Agency Limited","3 Bedrooms , 2 Bathrooms Apartment Elegant Outdoor Car Park"
"https://www.28hse.com/en/buy/apartment/property-3998828","Tai Po Forest Hill","Whole Block,House 35","1379","10515","14.5","3",,"Ricacorp Properties","3 Bedrooms Apartment Roof top Elegant Indoor Car Park Mountain view"
"https://www.28hse.com/en/buy/apartment/property-3998647","Tai Po Forest Hill","Whole Block,House 35","1379","10515","14.5","3","2","Century 21 Property Agency (pak Shek Kok) Limited","3 Bedrooms , 2 Bathrooms North west Apartment Indoor Car Park Mountain view Clubhouse Roof top Duplex Apartment Balcony Luxury"
"https://www.28hse.com/en/buy/apartment/property-3998633","Pak Shek Kok Providence Bay","High Floor,TOWER 7,大廈","1099","12557","13.8","3",,"Ricacorp Properties","3 Bedrooms Apartment Sino Swimming Pool View Garden view Elegant"
"https://www.28hse.com/en/buy/apartment/property-3997774","Tuen Mun Castle Peak Road Royal Cove","Unit D,Mid Floor,Royal Cove,Building","1329","10519","13.98","3","3","Centaline Property","3 Bedrooms , 3 Bathrooms South west Apartment Wah Yip Elegant VR"
"https://www.28hse.com/en/buy/apartment/property-3997134","Tai Po Village","House","2100","5952","12.5","5+","5+","Oriental Property Agency","5+ Bedrooms , 5+ Bathrooms House Village House Elegant Mountain view Good view Outdoor Car Park Duplex Apartment Garden Ensuite"
"https://www.28hse.com/en/buy/apartment/property-3996592","Pak Shek Kok Centra Horizon","Low Floor,TOWER 9","1019","13248","13.5","3",,"Midland Realty","3 Bedrooms Apartment Elegant"
"https://www.28hse.com/en/buy/apartment/property-3996388","Whampoa Whampoa Garden","High Floor","962","16112","15.5","4",,"Sunrise Property Hk Agency Ltd","4 Bedrooms Apartment Hutchison Whampoa"
"https://www.28hse.com/en/buy/apartment/property-3955156","Causeway Bay Towning Mansion","Mid Floor,Twoning Mansion","1112","13040","14.5","4","2","Blossom Ltd","4 Bedrooms , 2 Bathrooms Apartment"
"https://www.28hse.com/en/buy/apartment/property-3625161","Tai Po Village","House","1400","5929","8.3","4",,"Village House Property Agency Limited","4 Bedrooms Village House House Stand-alone Building Luxury Garden Balcony Ensuite Maid bedroom Duplex Apartment"
"https://www.28hse.com/en/buy/apartment/property-3994919","Tai Po Richwood Park","High Floor,BLOCK 4,BUILDING","1040","8635","8.98","3","2","Ricacorp Properties","3 Bedrooms , 2 Bathrooms North east Apartment Garden view"
"https://www.28hse.com/en/buy/apartment/property-3994457","Tai Wai Parc Royale","High Floor,TOWER 5","942","13790","12.99","3","2","Festival Home Property Agency Limited","3 Bedrooms , 2 Bathrooms Apartment Wheelock Good view Indoor Car Park"
"https://www.28hse.com/en/buy/apartment/property-3994375","Tai Po The Paramount","High Floor,Block 10","928","11853","11","3","2","Ricacorp Properties","3 Bedrooms , 2 Bathrooms Apartment CK Asset Indoor Car Park Roof top Clubhouse"
"https://www.28hse.com/en/buy/apartment/property-3994262","Tai Po Forest Hill","Unit PH-35B,Whole Block,House 35","1379","10515","14.5","3",,"Ricacorp Properties","3 Bedrooms Apartment"
"https://www.28hse.com/en/buy/apartment/property-3993887","Shatin Pictorial Garden","Unit C,Mid Floor,ELEGANT COURT--BLOCK C","1119","12958","14.5","3","2","Midland Realty","3 Bedrooms , 2 Bathrooms Apartment Chinachem Luxury Indoor Car Park Ensuite Good school zone Balcony Clubhouse Good view"
"https://www.28hse.com/en/buy/apartment/property-3993708","Ho Man Tin Oriental Gardens","Low Floor,BLOCK D","1058","11815","12.5","3","2","United Properties","3 Bedrooms , 2 Bathrooms Apartment Simple Outdoor Car Park Ensuite Maid bedroom Shopping Mall nearby Good school zone"
"https://www.28hse.com/en/buy/apartment/property-3993645","Kowloon Tong Klt","/","1089","13113","14.28","3","2","Kar Fook Property Agencys Co.","3 Bedrooms , 2 Bathrooms Apartment Western Style Bldg Stand-alone Building Good school zone"
"https://www.28hse.com/en/buy/apartment/property-3850651","Sheung Shui Village","House","2100","6848","14.38","5+","4","Wai Tak Property Agency Limited","5+ Bedrooms , 4 Bathrooms East House Village House Elegant Garden Balcony Duplex Apartment Sole Agent"
"https://www.28hse.com/en/buy/apartment/property-3993570","Tai Po Villa Castell","BLOCK 40,Villa Castell","915","11781","10.78","2","2","Midland Realty","2 Bedrooms , 2 Bathrooms South east Apartment Luxury Roof top"
"https://www.28hse.com/en/buy/apartment/property-3993564","Shatin Greenfield Court","Unit A,High Floor,TOWER 2","1143","11969","13.68","3","2","Midland Realty","3 Bedrooms , 2 Bathrooms North east Apartment Garden view Sea view Terrace Roof top Elegant"
"https://www.28hse.com/en/buy/apartment/property-3992964","Tung Chung Caribbean Coast","Unit H,Mid Floor,TOWER 3,Phase 1 Monterey Cove","956","9121","8.72","3","2","Midland Realty","3 Bedrooms , 2 Bathrooms North west Apartment CK Asset"
"https://www.28hse.com/en/buy/apartment/property-3992879","Pak Shek Kok Providence Bay","Low Floor,TOWER 16,大廈","1111","11341","12.6","3","2","Centaline Property","3 Bedrooms , 2 Bathrooms Apartment Sino Elegant Good view Clubhouse Maid bedroom Ensuite Balcony"
"https://www.28hse.com/en/buy/apartment/property-3992646","Mei Foo Mei Foo Sun Chuen","Mid Floor,NO.32 BROADWAY,PHASE 2","941","13603","12.8","4","2","Daily Fine Property Consultants Ltd","4 Bedrooms , 2 Bathrooms East Apartment New World"
"https://www.28hse.com/en/buy/apartment/property-3992505","Ma On Shan Symphony Bay","Unit B,Mid Floor,BLOCK 17,VILLA RHAPSODY","1128","14007","15.8","3",,"Centaline Property","3 Bedrooms North east Apartment SHKP Good view Sea view Simple Indoor Car Park Ensuite Maid bedroom"
"https://www.28hse.com/en/buy/apartment/property-3952828","Yuen Long The Prestige","House","2100","6133","12.88",,,"Full Lake Properties Development Limited","Village House House Mountain view Garden view Good view River view Elegant Garden Balcony Roof top"
"https://www.28hse.com/en/buy/apartment/property-3992154","Tai Wai Parc Royale","High Floor,TOWER 10","942","13588","12.8","3","3","Shing Sai Property Agency Ltd. (tai Wai Branch)","3 Bedrooms , 3 Bathrooms Apartment Wheelock Good view City view Elegant Indoor Car Park"
"https://www.28hse.com/en/buy/apartment/property-3992058","Shatin Village","House","2100","6429","13.5","5+",,"Village House Property Agency Limited","5+ Bedrooms Apartment Village House House Mountain view Sea view Outdoor Car Park Garden Balcony Roof top"
"https://www.28hse.com/en/buy/apartment/property-3991271","Ma On Shan Symphony Bay","Unit C,High Floor,BLOCK 3,VILLA CONCERTO","1031","12609","13","3",,"Centaline Property","3 Bedrooms North Apartment SHKP Sea view Good view"
"https://www.28hse.com/en/buy/apartment/property-3990997","Ma On Shan Sunshine City","Unit A,High Floor,BLOCK 1,Phase 5","932","15966","14.88","3","2","Centaline Property","3 Bedrooms , 2 Bathrooms North west Apartment Henderson"
"https://www.28hse.com/en/buy/apartment/property-3990858","Tai Wo Parc Versailles","Unit B,Low Floor,BLOCK 33,PARC VERSAILLES II","989","11122","11","3",,"Ricacorp Properties","3 Bedrooms Apartment Hang Lung"
"https://www.28hse.com/en/buy/apartment/property-3857305","Kwun Tong Yuet Wah Mansion","High Floor,Yuet Wah Mansion","970","8144","7.9","4",,"Kam Tim Property Agency","4 Bedrooms Western Style Bldg Stand-alone Building Good view Balcony MTR nearby Shopping Mall nearby"
"https://www.28hse.com/en/buy/apartment/property-3989648","Yuen Long Fairview Park","Whole Block,ZONE M","915","10383","9.5","3","2","Ricacorp Properties","3 Bedrooms , 2 Bathrooms House Elegant Mountain view"
"https://www.28hse.com/en/buy/apartment/property-3989036","Tai Po Mont Vert","Low Floor,TOWER 5,PHASE I","932","9657","9","4",,"Centaline Property Agency Limited","4 Bedrooms South east Apartment CK Asset"
"https://www.28hse.com/en/buy/apartment/property-3988582","Tai Po The Beverly Hills","Whole Block,PHASE 1","1597","9894","15.8","4","4","Centaline Property Agency Limited","4 Bedrooms , 4 Bathrooms Apartment Luxury"
"https://www.28hse.com/en/buy/apartment/property-3988225","Ho Man Tin Princess Terrace","Mid Floor,Princess Terrace","1259","11914","15","3","2","Pan Win Property","3 Bedrooms , 2 Bathrooms Apartment City view Indoor Car Park Ensuite Maid bedroom"
"https://www.28hse.com/en/buy/apartment/property-3987682","Tseung Kwan O Oscar By The Sea","Unit A,Low Floor,BLOCK 3","1027","12463","12.8","4","3","Ricacorp Properties","4 Bedrooms , 3 Bathrooms Apartment SHKP Clubhouse"
"https://www.28hse.com/en/buy/apartment/property-3987371","Hung Shui Kiu La Mansion","Whole Block,HOUSE 17,洋房","1615","9783","15.8","4",,"Centaline Property Agency Limited","4 Bedrooms North east Apartment CK Asset Elegant VR"
"https://www.28hse.com/en/buy/apartment/property-3986937","Tuen Mun Castle Peak Road Palm Beach","Mid Floor,TOWER 2","1601","9369","15","4","3","Kam Fai Property Agency Co.","4 Bedrooms , 3 Bathrooms Apartment Good view Sea view"
"https://www.28hse.com/en/buy/apartment/property-3986902","Tai Po Savanna Garden","Mid Floor,BLOCK 49,BUILDING","962","9023","8.68","3","2","Century 21 Property Agency (pak Shek Kok) Limited","3 Bedrooms , 2 Bathrooms South west Apartment Mountain view"
"https://www.28hse.com/en/buy/apartment/property-3943025","Ho Man Tin Imperial Court","Unit C,Mid Floor,Imperial Court","1031","6964","7.18","3","2","Lung Cheung","3 Bedrooms , 2 Bathrooms Western Style Bldg Simple"
"https://www.28hse.com/en/buy/apartment/property-3985925","Sai Kung Spanish Villa","1","1800","8611","15.5","4","3","Ricacorp Properties","4 Bedrooms , 3 Bathrooms Apartment Village House Mountain view Garden view Good view Elegant Outdoor Car Park Garden Balcony"
"https://www.28hse.com/en/buy/apartment/property-4026645","Kowloon Tong Avon Court","Unit D,Mid Floor,Avon Court","926","15097","13.98","3","1","Midland Realty International Limited","3 Bedrooms , 1 Bathroom East Apartment"
"https://www.28hse.com/en/buy/apartment/property-3923269","North Point City Garden","Mid Floor,BLOCK 5","931","15553","14.48","3","2","Lik Ka Property Consultant Company Limited","3 Bedrooms , 2 Bathrooms Apartment CK Asset Garden view Good view Elegant"
"https://www.28hse.com/en/buy/apartment/property-4026600","Tsuen Wan Sham Tseng Royal Sea Crest","Unit B,Low Floor,BLOCK 2","1056","7955","8.4","3",,"Midland Realty","3 Bedrooms South Apartment SHKP"
"https://www.28hse.com/en/buy/apartment/property-4026518","Ho Man Tin Belvedere Heights","Unit H,Low Floor,Belvedere Heights","1109","13508","14.98","3",,"Midland Realty","3 Bedrooms South east Apartment"
"https://www.28hse.com/en/buy/apartment/property-4026467","Ho Man Tin Prince Edward Towers","Unit A,Low Floor,Prince Edward Towers","1018","13556","13.8","3","2","United Properties Limited","3 Bedrooms , 2 Bathrooms South east Apartment Stand-alone Building Carpark"
"https://www.28hse.com/en/buy/apartment/property-3385488","Quarry Bay Ritz Garden Apartments","Unit ST-909,Low Floor,NOS.909, 911, 937-939","1097","9116","10","4","1","Ka Wong Property Agency","4 Bedrooms , 1 Bathroom Apartment Western Style Bldg MTR nearby Shopping Mall nearby"
"https://www.28hse.com/en/buy/apartment/property-4022441","Tai Po Springdale Garden","Mid Floor,BLOCK 3","1061","8954","9.5","3","2","Century 21 Deluxe Home Property Ltd","3 Bedrooms , 2 Bathrooms Apartment Indoor Car Park Sea view Elegant"
"https://www.28hse.com/en/buy/apartment/property-3778810","Tai Po Savanna Garden","Unit A,Mid Floor,BLOCK 49,BUILDING","962","9044","8.7","3","2","Century 21 Deluxe Home Property Ltd","3 Bedrooms , 2 Bathrooms Apartment Indoor Car Park Mountain view"
"https://www.28hse.com/en/buy/apartment/property-3354398","Tai Po The Beverly Hills","Whole Block,BOULEVARD DE FORET","1606","8468","13.6","5+","2","Century 21 Deluxe Home Property Ltd","5+ Bedrooms , 2 Bathrooms Apartment Mountain view Indoor Car Park Simple"
"https://www.28hse.com/en/buy/apartment/property-4026356","Shatin Dragons Range","Unit D,Mid Floor,TOWER 3,COURT C","944","13559","12.8","2","2","Centaline Property Agency Limited","2 Bedrooms , 2 Bathrooms Apartment Kerry Elegant Maid bedroom Balcony Clubhouse Good view Mountain view"
"https://www.28hse.com/en/buy/apartment/property-4026329","Tin Hau Gordon House","B","1141","11394","13","3","2","Lik Ka Property Consultant Company Limited","3 Bedrooms , 2 Bathrooms Stand-alone Building Ensuite Good school zone Maid bedroom MTR nearby Garden view Good view Sea view"
"https://www.28hse.com/en/buy/apartment/property-4026288","Yuen Long The Lotus Hill","A","1400","6429","9","3","3","Imperial Properties Agency Limited","3 Bedrooms , 3 Bathrooms Village House Carpark"
"https://www.28hse.com/en/buy/apartment/property-4002768","Yuen Long Parkside Villa","Unit B,Low Floor,BLOCK 2","944","9746","9.2","3","2","Centaline Property Agency Limited","3 Bedrooms , 2 Bathrooms South west Apartment Good school zone Elegant Mountain view Garden view VR"
"https://www.28hse.com/en/buy/apartment/property-4009718","Yuen Long Park Yoho","Unit D,High Floor,TOWER 5B,PARK YOHO VENEZIA","1046","14149","14.8","3","3","Centaline Property Agency Limited","3 Bedrooms , 3 Bathrooms Apartment SHKP Mountain view Simple Roof top Terrace Duplex Apartment"
"https://www.28hse.com/en/buy/apartment/property-4009519","Yuen Long Park Signature","Unit A,Low Floor,TOWER 5","958","8455","8.1","4","3","Centaline Property Agency Limited","4 Bedrooms , 3 Bathrooms South Apartment New World Mountain view Good view Simple"
"https://www.28hse.com/en/buy/apartment/property-3988480","Yuen Long Grand Yoho","Unit F,Low Floor,TOWER 8,PHASE 2","907","15987","14.5","4","3","Centaline Property Agency Limited","4 Bedrooms , 3 Bathrooms Apartment SHKP Good view"
"https://www.28hse.com/en/buy/apartment/property-3639482","Fanling Dawning Views","High Floor,BLOCK 12","1074","10708","11.5","3","2","Shun Shing Property Agency Limited","3 Bedrooms , 2 Bathrooms Apartment Henderson Elegant Good school zone Shopping Mall nearby MTR nearby Clubhouse Good view Garden view"
"https://www.28hse.com/en/buy/apartment/property-4026134","Yuen Long Fairview Park","Whole Block,ZONE A","915","10383","9.5","3","2","Ricacorp Properties","3 Bedrooms , 2 Bathrooms Apartment House Garden Ensuite Balcony"
"https://www.28hse.com/en/buy/apartment/property-4026093","Tsuen Wan The Cairnhill","Unit A,Mid Floor,BLOCK 8,PHASE 1","1008","11687","11.78","3",,"美聯物業","3 Bedrooms South Apartment"
"https://www.28hse.com/en/buy/apartment/property-3994682","Ho Man Tin Harrison Court","High Floor,HARRISON COURT V","987","12969","12.8","3","2","Centaline","3 Bedrooms , 2 Bathrooms Apartment Building view Indoor Car Park"
"https://www.28hse.com/en/buy/apartment/property-4020699","Tung Chung The Visionary","Unit A,Low Floor,TOWER 5,BUILDING","1221","12285","15","4","3","Centaline Property Agency Limited","4 Bedrooms , 3 Bathrooms Apartment Nan Fung Good view Garden view Maid bedroom Ensuite Clubhouse Shopping Mall nearby Balcony"
"https://www.28hse.com/en/buy/apartment/property-4026028","Tai Wo Winnye Tower","Low Floor,Winnye Tower","1195","10460","12.5","4","3","Centaline Property Agency Limited","4 Bedrooms , 3 Bathrooms Apartment Elegant City view"
"https://www.28hse.com/en/buy/apartment/property-4025985","Ho Man Tin Prince's Heights","Unit C,Mid Floor,STAGE II","1152","12049","13.88","3","2","Win Ka Property Consultant Limited","3 Bedrooms , 2 Bathrooms Apartment Mountain view Good view Elegant Indoor Car Park"
"https://www.28hse.com/en/buy/apartment/property-3938274","Tsuen Wan Sham Tseng Bellagio","Unit B,Low Floor,TOWER 2","935","12813","11.98","4","2","Home Easy Property","4 Bedrooms , 2 Bathrooms South west Apartment Wheelock Garden view Sea view Swimming Pool View"
"https://www.28hse.com/en/buy/apartment/property-4025729","Tuen Mun Alpine Garden","Unit E,High Floor,BLOCK 4","915","9617","8.8","4",,"Centaline Property Agency Limited","4 Bedrooms North west Apartment China Overseas Terrace Duplex Apartment"
"https://www.28hse.com/en/buy/apartment/property-4025652","Tai Po The Beverly Hills","House","1606","9639","15.48","4","3","Century 21 Property Agency (pak Shek Kok) Limited","4 Bedrooms , 3 Bathrooms Apartment House Elegant Balcony Roof top Ensuite Clubhouse"
"https://www.28hse.com/en/buy/apartment/property-4025610","Tai Po Hilltop Garden","House","2100","7619","16",,,"Kei Cheung Ltd","Apartment House Village House"
"https://www.28hse.com/en/buy/apartment/property-3958788","Whampoa Whampoa Garden","High Floor","910","14593","13.28","4",,"Sunrise Property Hk Agency Ltd","4 Bedrooms Apartment Hutchison Whampoa"
"https://www.28hse.com/en/buy/apartment/property-3954222","Hung Hom Royal Peninsula","Low Floor","1051","13321","14","4",,"Sunrise Property Hk Agency Ltd","4 Bedrooms Apartment SHKP"
"https://www.28hse.com/en/buy/apartment/property-3972748","Mei Foo Mei Foo Sun Chuen","Unit A,High Floor,NO.46 BROADWAY,PHASE 2","931","11815","11","3","1","Hong Kong Property Services (agency) Limited","3 Bedrooms , 1 Bathroom Apartment New World"
"https://www.28hse.com/en/buy/apartment/property-4025479","Shatin Dragons Range","Mid Floor,TOWER 1,COURT C","958","13570","13","3","3","中聯物業行有限公司","3 Bedrooms , 3 Bathrooms Apartment Kerry Mountain view Good view Luxury"
"https://www.28hse.com/en/buy/apartment/property-4025462","Ho Man Tin Prince Edward Towers","Unit A,Low Floor,Prince Edward Towers","1018","13556","13.8","3","2","Grand Harvest Property Agency Co., Limited","3 Bedrooms , 2 Bathrooms Stand-alone Building Elegant Ensuite Maid bedroom MTR nearby Shopping Mall nearby Good school zone"
"https://www.28hse.com/en/buy/apartment/property-4025452","Ho Man Tin Grand Court","Unit B,Mid Floor,TOWER 2","1095","14429","15.8","3","2","Midland Realty International Limited","3 Bedrooms , 2 Bathrooms East Apartment Indoor Car Park Simple Good view Maid bedroom Good school zone Ensuite"
"https://www.28hse.com/en/buy/apartment/property-4003006","Tuen Mun Castle Peak Road Avignon","Low Floor,TOWER 3,大廈","984","8028","7.9","4","3","Earnest Property Agency Ltd","4 Bedrooms , 3 Bathrooms Apartment SHKP Garden view Maid bedroom Balcony Ensuite Clubhouse"
"https://www.28hse.com/en/buy/apartment/property-4025364","Fotan Greenwood Terrace","Unit C,Mid Floor,BLOCK 21,BUILDING","1143","12686","14.5","3","2","Centaline Property Agency Limited","3 Bedrooms , 2 Bathrooms South west Apartment Elegant Garden view Ensuite Balcony Clubhouse Good school zone Maid bedroom VR"
"https://www.28hse.com/en/buy/apartment/property-4025347","Fotan Royal Ascot","Unit G,Low Floor,BLOCK 11","974","14887","14.5","3","2","Centaline Property Agency Limited","3 Bedrooms , 2 Bathrooms South east Apartment SHKP Elegant Good school zone Shopping Mall nearby Clubhouse Balcony Maid bedroom VR"
"https://www.28hse.com/en/buy/apartment/property-3988029","Tai Po Village","NA","1400","6143","8.6",,,"Kei Cheung Limited","Village House"
"https://www.28hse.com/en/buy/apartment/property-4025333","Happy Valley 18 Tung Shan Terrace","Unit D,High Floor,18 Tung Shan Terrace","980","14061","13.78","3","2","Lik Ka Property Consultant Company Limited","3 Bedrooms , 2 Bathrooms Apartment Elegant Ensuite Maid bedroom"
"https://www.28hse.com/en/buy/apartment/property-3983941","Hung Shui Kiu Uptown","Whole Block,HOUSE","1576","8877","13.99","4","4","Centaline Property Agency Limited","4 Bedrooms , 4 Bathrooms House CK Asset VR"
"https://www.28hse.com/en/buy/apartment/property-3983713","Yuen Long Green Lodge","High Floor,HOUSE 31","1554","9653","15","4",,"Centaline Property Agency Limited","4 Bedrooms Apartment Henderson"
"https://www.28hse.com/en/buy/apartment/property-4025243","Mei Foo Mei Foo Sun Chuen","Unit B,Mid Floor,NO.30 BROADWAY,PHASE 2","927","12190","11.3","3","2","Ricacorp Properties","3 Bedrooms , 2 Bathrooms South west Apartment New World Good view Elegant"
"https://www.28hse.com/en/buy/apartment/property-4025241","Mei Foo Mei Foo Sun Chuen","Unit B,Low Floor,NO.14 BROADWAY,PHASE 1","907","12679","11.5","3","2","Ricacorp Properties","3 Bedrooms , 2 Bathrooms Apartment New World Elegant"
"https://www.28hse.com/en/buy/apartment/property-4025235","Mei Foo Mei Foo Sun Chuen","Unit B,Mid Floor,NO.30 BROADWAY,PHASE 2","927","12190","11.3","3","2","Ricacorp Properties","3 Bedrooms , 2 Bathrooms South west Apartment New World Elegant"
"https://www.28hse.com/en/buy/apartment/property-4017118","Mei Foo Mei Foo Sun Chuen","Unit B,Mid Floor,NO.50 BROADWAY,PHASE 2","959","11992","11.5","3","2","Ricacorp Properties","3 Bedrooms , 2 Bathrooms Apartment New World Elegant"
"https://www.28hse.com/en/buy/apartment/property-4025231","Pak Shek Kok Solaria","Low Floor,TOWER 1","1066","13321","14.2","4",,"Midland Realty","4 Bedrooms Apartment K. Wah"
"https://www.28hse.com/en/buy/apartment/property-4025115","Tai Po Savanna Garden","Low Floor,BLOCK 47,BUILDING","959","9698","9.3","3","2","Midland Realty","3 Bedrooms , 2 Bathrooms South west Apartment Mountain view Garden view Good view Elegant Indoor Car Park Balcony Ensuite"
"https://www.28hse.com/en/buy/apartment/property-4024861","Yuen Long Palm Springs","Whole Block,NO. 59 LILAC PATH,Phase 1D(Paloma) Lilac","1016","12303","12.5",,,"Centaline Property Agency Limited","North east Apartment"
"https://www.28hse.com/en/buy/apartment/property-4024816","Kowloon City Kaiser's Mansion","Unit C,Low Floor,Kaiser's Mansion","1051","13130","13.8","3","2","Pascal Properties Agency","3 Bedrooms , 2 Bathrooms South Apartment Elegant"
"https://www.28hse.com/en/buy/apartment/property-3844535","Causeway Bay Lunar Building","Unit B,High Floor,Lunar Building","936","9936","9.3","4","1","Jc Property Management Limited","4 Bedrooms , 1 Bathroom Stand-alone Building Elegant"
"https://www.28hse.com/en/buy/apartment/property-3989753","Sai Ying Pun Hing Wah Mansion","Unit M2,Mid Floor,Hing Wah Mansion","1509","9940","15",,,"Homewise Realty Limited","Apartment Good view"
"https://www.28hse.com/en/buy/apartment/property-4024770","Yuen Long Palm Springs","Whole Block,Phase 1C (Westwood) Pinaceae","980","11224","11","3",,"Centaline Property Agency Limited","3 Bedrooms West Apartment"
"https://www.28hse.com/en/buy/apartment/property-2273605","Yuen Long Village","House","2100","6571","13.8","5+","5+","Skyline Property Agency Limited","5+ Bedrooms , 5+ Bathrooms Village House House Mountain view Good view Luxury Outdoor Car Park Garden Balcony Roof top"
"https://www.28hse.com/en/buy/apartment/property-4024646","Yuen Long Palm Springs","Whole Block,NO. 3 NARCISSUS PATH,Phase 1E(Arcadia) Narcissus","1372","10933","15","3","2","Centaline Property Agency Limited","3 Bedrooms , 2 Bathrooms South Apartment"
"https://www.28hse.com/en/buy/apartment/property-4003517","Hung Shui Kiu Uptown","Unit F,High Floor,TOWER 7,BUILDING","901","8524","7.68","4","1","Tin Chi Property Agency Limited","4 Bedrooms , 1 Bathroom Apartment CK Asset Garden view Good view"
"https://www.28hse.com/en/buy/apartment/property-4024597","Tai Po Constellation Cove","Unit A,Low Floor,Block 1,Building","1089","12672","13.8","2",,"Centaline Property","2 Bedrooms Apartment Kerry Elegant Garden Clubhouse"
"https://www.28hse.com/en/buy/apartment/property-4024595","North Point City Garden","Unit A,Low Floor,BLOCK 7","1010","12772","12.9","3","2","Ricacorp Properties","3 Bedrooms , 2 Bathrooms North west Apartment CK Asset Simple"
"https://www.28hse.com/en/buy/apartment/property-4024588","Yuen Long Palm Springs","Whole Block,Phase 1C (Westwood) Cherry","1371","10212","14","3","2","Centaline Property Agency Limited","3 Bedrooms , 2 Bathrooms South Apartment"
"https://www.28hse.com/en/buy/apartment/property-4024461","Tai Wo Winnye Tower","Low Floor,Winnye Tower","1195","10460","12.5","4","3","Centaline Property Agency Limited","4 Bedrooms , 3 Bathrooms South Apartment VR"
"https://www.28hse.com/en/buy/apartment/property-4024415","Shatin Pictorial Garden","Unit C,Mid Floor,ELEGANT COURT--BLOCK C","1119","12958","14.5","3","2","Midland Realty International Limited","3 Bedrooms , 2 Bathrooms Apartment Chinachem River view"
"https://www.28hse.com/en/buy/apartment/property-4024377","Yau Yat Tsuen Marigold Court","Unit B,High Floor,Marigold Court","1014","14793","15","3","1","Midland Realty International Limited","3 Bedrooms , 1 Bathroom South west Apartment VR"
"https://www.28hse.com/en/buy/apartment/property-4024287","Yau Yat Tsuen Villa Carlton","Unit A,Low Floor,BLOCK 1","1259","10723","13.5","3",,"Centaline Property","3 Bedrooms Apartment Chinese Estates VR"
"https://www.28hse.com/en/buy/apartment/property-3930079","Shatin Dragons Range","Mid Floor,TOWER 1,COURT B","945","13312","12.58","3","2","Elite Union (hua Liang) Realty Limited","3 Bedrooms , 2 Bathrooms Apartment Kerry Elegant Ensuite Balcony Maid bedroom Clubhouse Mountain view Sole Agent"
"https://www.28hse.com/en/buy/apartment/property-4024238","Ho Man Tin Regal Court","Unit A,Low Floor,Regal Court","978","13292","13","3",,"Centaline Property","3 Bedrooms South Apartment International Gp VR"
"https://www.28hse.com/en/buy/apartment/property-4024185","Tai Wai Parc Royale","Unit A,High Floor,TOWER 11","942","13800","13","3","2","Century 21 Goodwin Property Shatin Luxury","3 Bedrooms , 2 Bathrooms South east Apartment Wheelock City view"
"https://www.28hse.com/en/buy/apartment/property-3956636","Tuen Mun Villa Pinada House","88 Kangbao Road (Detached House)","1178","11715","13.8","3",,"Midland Property","3 Bedrooms Apartment"
"https://www.28hse.com/en/buy/apartment/property-3760203","Tai Po Savanna Garden","Low Floor,BLOCK 47,BUILDING","959","9385","9","3","2","Century 21 Deluxe Home Property Ltd","3 Bedrooms , 2 Bathrooms Apartment Mountain view Good view Indoor Car Park Include Powder Room"
"https://www.28hse.com/en/buy/apartment/property-4024108","Tai Po Forest Hill","Whole Block,House 22","1551","9413","14.6","4","2","Century 21 Deluxe Home Property Ltd","4 Bedrooms , 2 Bathrooms Apartment Elegant Indoor Car Park"
"https://www.28hse.com/en/buy/apartment/property-4002471","Ho Man Tin Ellery Terrace","Unit A,Low Floor,Ellery Terrace","949","14731","13.98","4","2","Jet Success Properties Limited","4 Bedrooms , 2 Bathrooms North east Apartment Stand-alone Building China Overseas Good school zone Maid bedroom Clubhouse Elegant City view"
"https://www.28hse.com/en/buy/apartment/property-4024068","Sai Kung Village","88","2100","7048","14.8","4",,"Everyday Property","4 Bedrooms Village House Sea view"
"https://www.28hse.com/en/buy/apartment/property-3989659","North Point City Garden","Unit E,High Floor,BLOCK 10","1012","14822","15","3","2","Ricacorp Properties","3 Bedrooms , 2 Bathrooms Apartment CK Asset"
"https://www.28hse.com/en/buy/apartment/property-4023817","Hung Shui Kiu Hong Ping Villa","14","1097","8095","8.88","4","3","Centaline Property Agency Limited","4 Bedrooms , 3 Bathrooms Apartment House Elegant Garden Roof top Ensuite Maid bedroom Duplex Apartment"
"https://www.28hse.com/en/buy/apartment/property-4023740","The Lohas Hemera","Unit LB,Mid Floor,TOWER 2","930","12548","11.67","4","2","Midland Property","4 Bedrooms , 2 Bathrooms North west Apartment Henderson Shopping Mall nearby MTR nearby Clubhouse Ensuite Balcony Good school zone"
"https://www.28hse.com/en/buy/apartment/property-3991478","Ho Man Tin Wing Ying Mansion","18","1032","9671","9.98","3","2","Main Way Property","3 Bedrooms , 2 Bathrooms Western Style Bldg"
"https://www.28hse.com/en/buy/apartment/property-4023697","Fanling Casas Domingo","Whole Block,House","1473","8147","12","3","3","Midland Realty","3 Bedrooms , 3 Bathrooms Apartment Outdoor Car Park"
"https://www.28hse.com/en/buy/apartment/property-4023690","Yau Tong Peninsula East","Unit A,Low Floor,TOWER 2","999","13514","13.5","4",,"Midland","4 Bedrooms Apartment Wheelock"
"https://www.28hse.com/en/buy/apartment/property-3960146","Sheung Wan Nam Pak Hong Building","Mid Floor,Nam Pak Hong Building","923","11701","10.8","3","3","New","3 Bedrooms , 3 Bathrooms Apartment Stand-alone Building Elegant Ensuite MTR nearby Shopping Mall nearby"
"https://www.28hse.com/en/buy/apartment/property-4023496","Shatin Mantex Villa","Whole Block,House","1338","11958","16","4","2","Ricacorp Properties","4 Bedrooms , 2 Bathrooms Apartment Good view Simple Sole Agent"
"https://www.28hse.com/en/buy/apartment/property-3547393","Tin Hau Dragon Court","Low Floor,BLOCK A","1143","13123","15","3","2","Lik Ka Property Consultant Company Limited","3 Bedrooms , 2 Bathrooms Apartment Good view Balcony Shopping Mall nearby MTR nearby Ensuite Good school zone Elegant"
"https://www.28hse.com/en/buy/apartment/property-4005149","Hung Shui Kiu Casa De Oro","Mid Floor,BLOCK 2","925","8519","7.88","4","2","Tin Chi Property Agency Limited","4 Bedrooms , 2 Bathrooms Apartment Elegant Shopping Mall nearby MTR nearby Good school zone Clubhouse Garden view Good view Sole Agent"
"https://www.28hse.com/en/buy/apartment/property-4023390","Tuen Mun Villa Pinada House","Whole Block,12號屋,House","1178","11715","13.8","3",,"Midland Realty International Limited","3 Bedrooms Apartment Elegant Indoor Car Park Garden Roof top Maid bedroom Clubhouse MTR nearby"
"https://www.28hse.com/en/buy/apartment/property-3917893","Shatin Mantex Villa","House","1338","11958","16","4","3","Kei Cheung Limited","4 Bedrooms , 3 Bathrooms South House"
"https://www.28hse.com/en/buy/apartment/property-4023268","Tuen Mun Castle Peak Road Palatial Coast","Mid Floor,BLOCK 3,GRAND PACIFIC VIEW","1186","10118","12","3","2","Kam Fai Property (hk)company Limited","3 Bedrooms , 2 Bathrooms South west Apartment Garden view Good view Sea view Elegant Indoor Car Park VR"
"https://www.28hse.com/en/buy/apartment/property-3990975","Tai Po Village","House","2100","5229","10.98","5+","3","Cd Realty Limited","5+ Bedrooms , 3 Bathrooms Village House House Mountain view Good view Outdoor Car Park"
"https://www.28hse.com/en/buy/apartment/property-2760435","North Point City Garden","Low Floor,BLOCK 4","942","16030","15.1","3","2","Sunrise Property Agency Limited","3 Bedrooms , 2 Bathrooms South east Apartment CK Asset Good view City view Garden view Elegant MTR nearby Good school zone"
"https://www.28hse.com/en/buy/apartment/property-4023199","Happy Valley Blue Pool Mansion","Mid Floor,Blue Pool Mansion","1288","11863","15.28","3","2","Professional Properties Co.","3 Bedrooms , 2 Bathrooms Stand-alone Building Balcony Ensuite Maid bedroom Good school zone"
"https://www.28hse.com/en/buy/apartment/property-3967188","The Lohas Le Prestige","Unit RD,High Floor,TOWER 5","974","10986","10.7","4",,"Ricacorp Properties","4 Bedrooms North east Apartment CK Asset Mountain view VR"
"https://www.28hse.com/en/buy/apartment/property-4023145","Yuen Long Rolling Hills","18 Hung Fa Hom Road (Detached House)","1373","8740","12","3",,"Midland Realty","3 Bedrooms South Apartment House Good view Elegant Indoor Car Park"
"https://www.28hse.com/en/buy/apartment/property-4023112","Clear Water Bay Hillview Court","Low Floor,BLOCK 1","980","15306","15","3","2","Goman Properties Ltd","3 Bedrooms , 2 Bathrooms Apartment Mountain view Building view Clubhouse Maid bedroom Garden Ensuite Elegant"
"https://www.28hse.com/en/buy/apartment/property-4023105","Yau Yat Tsuen Beacon Heights","Mid Floor,BLOCK 19","905","14365","13","3","2","United Properties Limited","3 Bedrooms , 2 Bathrooms Apartment Garden view Elegant Maid bedroom Clubhouse"
"https://www.28hse.com/en/buy/apartment/property-4018957","Fotan Royal Ascot","Unit C,Mid Floor,BLOCK 11","974","14168","13.8","3","2","Centaline Property Agency Limited","3 Bedrooms , 2 Bathrooms North west Apartment SHKP Mountain view Good view Sea view"
"https://www.28hse.com/en/buy/apartment/property-4023092","Yuen Long Park Signature","Unit A,Mid Floor,TOWER 6","958","8768","8.4","3",,"Midland Realty","3 Bedrooms Apartment New World"
"https://www.28hse.com/en/buy/apartment/property-4023079","Tai Po Villa Lucca","Mid Floor,TOWER 2,BUILDING","1160","13793","16","3",,"Midland Realty","3 Bedrooms Apartment Hysan"
"https://www.28hse.com/en/buy/apartment/property-4023032","Fotan The Grandville","Low Floor,TOWER D,PHASE 1","922","14100","13","3",,"Ricacorp Properties","3 Bedrooms South east Apartment Wing Tai Good view Elegant Indoor Car Park VR"
"https://www.28hse.com/en/buy/apartment/property-4013431","Baguio Villa","Unit B,High Floor,BLOCK 22","906","14879","13.48","2","2","Ricacorp Properties Limited","2 Bedrooms , 2 Bathrooms Apartment New World Mountain view"
"https://www.28hse.com/en/buy/apartment/property-3896865","Tuen Mun Village","House","2100","5714","12","5+","5+","Tin Chi Property Agency Limited","5+ Bedrooms , 5+ Bathrooms Village House House Mountain view Good view Sea view Luxury Indoor Car Park"
"https://www.28hse.com/en/buy/apartment/property-4022973","Pak Shek Kok Providence Bay","Mid Floor,TOWER 2,大廈","1116","11201","12.5","4","2","Century 21 Deluxe Home Property Ltd","4 Bedrooms , 2 Bathrooms Apartment Sino Swimming Pool View"
"https://www.28hse.com/en/buy/apartment/property-4022950","Yuen Long Fairview Park","Whole Block,ZONE O","1100","11636","12.8","3",,"Midland Realty International Limited","3 Bedrooms Apartment"
"https://www.28hse.com/en/buy/apartment/property-4022887","Ho Man Tin Prince's Heights","Unit C,Mid Floor,STAGE II","1152","12066","13.9","3","3","Midland Realty International Limited","3 Bedrooms , 3 Bathrooms North east Apartment Outdoor Car Park"
"https://www.28hse.com/en/buy/apartment/property-3995928","Yuen Long Yoho Midtown","Unit D,Mid Floor,TOWER M1","915","15279","13.98","3",,"Centaline Property","3 Bedrooms South Apartment SHKP Clubhouse Maid bedroom Shopping Mall nearby Ensuite MTR nearby Balcony"
"https://www.28hse.com/en/buy/apartment/property-4022253","Tung Chung The Visionary","Unit B,Mid Floor,TOWER 7,BUILDING","1034","12089","12.5","3",,"Centaline Property Agency Limited","3 Bedrooms Apartment Nan Fung"
"https://www.28hse.com/en/buy/apartment/property-4022825","Tuen Mun Sun Fung Wai","G-1 Underground Garden","1400","6343","8.88","4","3","Tin Chi Property Agency Limited","4 Bedrooms , 3 Bathrooms South Village House Good view Luxury Outdoor Car Park Ensuite Maid bedroom MTR nearby"
"https://www.28hse.com/en/buy/apartment/property-4020977","Tai Po The Paragon","Low Floor,BLOCK 3","1204","9136","11","3","3","Century 21 Property Agency (pak Shek Kok) Limited","3 Bedrooms , 3 Bathrooms South east Apartment Clubhouse Maid bedroom Shopping Mall nearby Ensuite Good school zone Duplex Apartment MTR nearby"
"https://www.28hse.com/en/buy/apartment/property-4022759","Yau Tong Peninsula East","Unit A,Low Floor,TOWER 2","999","13514","13.5","4","2","Midland","4 Bedrooms , 2 Bathrooms Apartment Wheelock Elegant"
"https://www.28hse.com/en/buy/apartment/property-4022561","Ho Man Tin Prince's Heights","Unit C,Mid Floor,STAGE II","1152","12066","13.9","3",,"Centaline Property Agency Limited","3 Bedrooms East Apartment"
"https://www.28hse.com/en/buy/apartment/property-4022430","Tai Po Springdale Garden","Mid Floor,BLOCK 3","1061","8954","9.5","3","2","Century 21 Deluxe Home Property Ltd","3 Bedrooms , 2 Bathrooms Apartment Sea view Elegant Indoor Car Park"
"https://www.28hse.com/en/buy/apartment/property-4022423","The Lohas Le Prestige","Unit RD,High Floor,TOWER 5","974","10986","10.7","4","2","Ricacorp Properties Limited","4 Bedrooms , 2 Bathrooms North east Apartment CK Asset"
"https://www.28hse.com/en/buy/apartment/property-4022397","Yuen Long Village","700","1400","5629","7.88","3","2","Imperial Properties Agency Limited","3 Bedrooms , 2 Bathrooms Village House Elegant"
"https://www.28hse.com/en/buy/apartment/property-4022273","Hung Shui Kiu Kisland Villa","Mid Floor,BLOCK 2","927","7767","7.2","4","2","Sheung Ka Property Limited","4 Bedrooms , 2 Bathrooms Apartment Clubhouse Ensuite Elegant Outdoor Car Park"
"https://www.28hse.com/en/buy/apartment/property-4022271","The Lohas Hemera","Mid Floor,TOWER 3","943","13256","12.5","4",,"Owner (landlord)","4 Bedrooms landlord Apartment Henderson Mountain view"
"https://www.28hse.com/en/buy/apartment/property-4022264","Tsuen Wan The Cairnhill","Mid Floor,BLOCK 8,PHASE 1","1008","11687","11.78","3","3","Centaline Property Agency Limited","3 Bedrooms , 3 Bathrooms South Apartment Good view City view Sea view Elegant Balcony Ensuite Clubhouse"
"https://www.28hse.com/en/buy/apartment/property-4022217","Hung Shui Kiu Kisland Villa","Mid Floor,BLOCK 2","1132","7845","8.88","4","2","Sheung Ka Property Limited","4 Bedrooms , 2 Bathrooms Apartment Outdoor Car Park Ensuite"
"https://www.28hse.com/en/buy/apartment/property-4022215","Quarry Bay Mount Parker Lodge","Unit 1,High Floor,BLOCK E","1040","14423","15","3","2","Guide Property Limited","3 Bedrooms , 2 Bathrooms Apartment Henderson Mountain view Good view Balcony Roof top Terrace Duplex Apartment"
"https://www.28hse.com/en/buy/apartment/property-4022165","Fotan Shatin 33","Unit A,High Floor,Block 4","1296","10015","12.98","3",,"Ricacorp Properties","3 Bedrooms North east Apartment VR"
"https://www.28hse.com/en/buy/apartment/property-4022090","Ho Man Tin Prince's Heights","Unit C,Mid Floor,STAGE II","1152","12066","13.9","3",,"Midland Realty International Limited","3 Bedrooms North east Apartment"
"https://www.28hse.com/en/buy/apartment/property-4022013","Ho Man Tin Cambridge Mansion","Mid Floor,Cambridge Building","1206","11592","13.98","3","2","Pan Win Property","3 Bedrooms , 2 Bathrooms Apartment Mountain view Outdoor Car Park"
"https://www.28hse.com/en/buy/apartment/property-4007844","Tsuen Wan The Cairnhill","Mid Floor,BLOCK 5,PHASE 1","974","10164","9.9","3","3","Centaline Property Agency Limited","3 Bedrooms , 3 Bathrooms North west Apartment Good view Elegant Balcony Ensuite Maid bedroom Clubhouse MTR nearby"
"https://www.28hse.com/en/buy/apartment/property-3982551","Tung Chung The Visionary","Unit C,Low Floor,TOWER 5,BUILDING","945","11217","10.6","3",,"Centaline Property Agency Limited","3 Bedrooms Apartment Nan Fung"
"https://www.28hse.com/en/buy/apartment/property-4021967","Ho Man Tin Princess Terrace","Mid Floor,Princess Terrace","1259","11898","14.98","3","2","Pan Win Property","3 Bedrooms , 2 Bathrooms Apartment City view Indoor Car Park Ensuite Maid bedroom"
"https://www.28hse.com/en/buy/apartment/property-3924977","Discovery Bay","Mid Floor,BLOCK L30,SIENA ONE","1196","12416","14.85","3","2","Century 21 Newcourt Realty","3 Bedrooms , 2 Bathrooms Apartment HKR Garden view Good view Elegant Terrace Ensuite Maid bedroom VR"
"https://www.28hse.com/en/buy/apartment/property-4021956","Fotan Richmond Court","High Floor,BLOCK 1","1255","11952","15","3","2","Ricacorp Properties","3 Bedrooms , 2 Bathrooms North east Apartment Indoor Car Park Sole Agent"
"https://www.28hse.com/en/buy/apartment/property-3976192","Tsuen Wan Golden Villa","Unit B,High Floor,BLOCK A","1063","1","13.2","3","2","Centaline Property Agency Limited","3 Bedrooms , 2 Bathrooms Apartment Good view Sea view Elegant Balcony Ensuite Clubhouse Good school zone"
"https://www.28hse.com/en/buy/apartment/property-4021928","Ho Man Tin Prince's Heights","Unit C,Mid Floor,STAGE II","1152","12066","13.9","3",,"Midland Realty","3 Bedrooms North east Apartment"
"https://www.28hse.com/en/buy/apartment/property-4021874","Yuen Long Yoho Midtown","Unit D,Mid Floor,TOWER M1","915","14863","13.6","3","2","Midland Realty","3 Bedrooms , 2 Bathrooms Apartment SHKP"
"https://www.28hse.com/en/buy/apartment/property-4021853","Tuen Mun Castle Peak Road Tsing Yung Terrace","High Floor,TOWER 3","962","8212","7.9","3","2","Century 21 Sky On Properties","3 Bedrooms , 2 Bathrooms South west Apartment Mountain view Good view City view Sea view Indoor Car Park Balcony Ensuite"
"https://www.28hse.com/en/buy/apartment/property-3399277","Tai Po Village","House","2100","5895","12.38","5+",,"Village House Property Agency Limited","5+ Bedrooms North Apartment Village House House Sea view Elegant Outdoor Car Park Garden Balcony"
"https://www.28hse.com/en/buy/apartment/property-3848218","Tai Po Village","House","2100","7619","16",,,"Village House Property Agency Limited","Apartment Village House House Outdoor Car Park Garden Balcony Roof top Duplex Apartment MTR nearby Shopping Mall nearby"
"https://www.28hse.com/en/buy/apartment/property-4021814","Ma On Shan St Barths","Unit B,Low Floor,SANDALWOOD COURT TOWER 2,St Barths","967","12358","11.95","3","2","Centaline Property Agency Limited","3 Bedrooms , 2 Bathrooms Apartment Garden view VR"
"https://www.28hse.com/en/buy/apartment/property-4021724","Yuen Long Fairview Park","Whole Block,ZONE C","915","12896","11.8","3",,"Midland Realty","3 Bedrooms Apartment House Elegant Outdoor Car Park"
"https://www.28hse.com/en/buy/apartment/property-4021699","Tai Po Deerhill Bay","High Floor,TOWER 2,DEERHILL TOWER","1105","11946","13.2","3","2","Midland Realty","3 Bedrooms , 2 Bathrooms East Apartment CK Asset Good view Sea view"
"https://www.28hse.com/en/buy/apartment/property-3973831","Tai Po Casa Marina","Whole Block,CASA MARINA II","1446","8852","12.8","3",,"Midland Realty","3 Bedrooms Apartment Henderson Indoor Car Park"
"https://www.28hse.com/en/buy/apartment/property-4018651","Yuen Long Fairview Park","Whole Block,ZONE M","915","10383","9.5","3","2","Ricacorp Properties","3 Bedrooms , 2 Bathrooms House Mountain view Elegant"
"https://www.28hse.com/en/buy/apartment/property-4018664","Yuen Long Fairview Park","Whole Block,ZONE A","915","12022","11","3","2","Ricacorp Properties","3 Bedrooms , 2 Bathrooms House"
"https://www.28hse.com/en/buy/apartment/property-3899855","Tsuen Wan The Cairnhill","Unit C,Mid Floor,BLOCK 5,PHASE 1","974","10041","9.78","3","3","China Hk Property","3 Bedrooms , 3 Bathrooms Apartment Elegant"
"https://www.28hse.com/en/buy/apartment/property-3889829","Yuen Long Crescent Green","Unit A,Low Floor,Tower 7,Building","924","10823","10","3","2","Beke Property Agency (hk) Limited","3 Bedrooms , 2 Bathrooms Apartment Road King"
"https://www.28hse.com/en/buy/apartment/property-4021383","Tsuen Wan City Point","Unit F,Mid Floor,BLOCK 2","913","16210","14.8","4","3","Centaline Property","4 Bedrooms , 3 Bathrooms South west Apartment CK Asset Sea view Elegant"
"https://www.28hse.com/en/buy/apartment/property-3948239","North Point Mid Kent Mansion","Mid Floor,Kent Mansion","962","14948","14.38","3","2","Ricacorp Properties","3 Bedrooms , 2 Bathrooms Apartment"
"https://www.28hse.com/en/buy/apartment/property-4021305","Fotan Royal Ascot","Unit A,Mid Floor,BLOCK 11","1039","13455","13.98","4","2","Ricacorp Properties","4 Bedrooms , 2 Bathrooms Apartment SHKP"
"https://www.28hse.com/en/buy/apartment/property-2472678","Kwun Tong Chiu Kwan Building","Unit C,High Floor,Chiu Kwan Building","1150","9565","11","4","2","Hang Cheong Property Agency Co","4 Bedrooms , 2 Bathrooms Apartment Garden view"
"https://www.28hse.com/en/buy/apartment/property-3938688","Kwun Tong Chi Hang Building","Unit B,Low Floor,Chi Hang Building","984","8638","8.5","3","1","Hang Cheong Property Agency Co","3 Bedrooms , 1 Bathroom Stand-alone Building Sole Agent"
"https://www.28hse.com/en/buy/apartment/property-4004684","Yuen Long Crescent Green","Low Floor,Tower 5,Building","940","9787","9.2","3","2","Midland Realty","3 Bedrooms , 2 Bathrooms South Apartment Road King"
"https://www.28hse.com/en/buy/apartment/property-4021050","Yuen Long Palm Springs","Whole Block,Phase 1A (Monterey) Osmanthus Path","968","12913","12.5","3","2","Midland Reality","3 Bedrooms , 2 Bathrooms North Apartment House"
"https://www.28hse.com/en/buy/apartment/property-4021020","Tung Chung The Visionary","Unit B,Low Floor,TOWER 7,BUILDING","1034","12089","12.5","3","3","Centaline Property","3 Bedrooms , 3 Bathrooms Apartment Nan Fung Good view Garden view"
"https://www.28hse.com/en/buy/apartment/property-4008574","Tai Po Grand Palisades","Mid Floor,BLOCK 9","942","11465","10.8","3","2","Midland Realty International Limited","3 Bedrooms , 2 Bathrooms North Apartment Sino Include Powder Room"
"https://www.28hse.com/en/buy/apartment/property-4015554","Tai Po Grand Palisades","Low Floor,BLOCK 10","915","9836","9","3","2","Midland Realty International Limited","3 Bedrooms , 2 Bathrooms South east Apartment Sino VR"
"https://www.28hse.com/en/buy/apartment/property-4015498","Tai Po The Paramount","High Floor,Block 10","928","11853","11","3","2","Midland Realty International Limited","3 Bedrooms , 2 Bathrooms Apartment CK Asset Include Powder Room"
"https://www.28hse.com/en/buy/apartment/property-4020869","Tai Wai Shatin Heights","Unit 1,High Floor,BLOCK G","1118","9392","10.5","2",,"Ricacorp Properties","2 Bedrooms Apartment Good view"
"https://www.28hse.com/en/buy/apartment/property-4020771","Yau Yat Tsuen Caldecott Hill","Mid Floor,TOWER 2","990","14747","14.6","3","3","Hung Fat Property Agency","3 Bedrooms , 3 Bathrooms South Apartment New World Elegant Ensuite Maid bedroom Clubhouse Balcony Indoor Car Park"
"https://www.28hse.com/en/buy/apartment/property-3829636","Fotan Shatin 33","Unit A,High Floor,Block 4","1296","9877","12.8","3","2","Dynamic Achiever Property Agency Limited","3 Bedrooms , 2 Bathrooms South east Apartment Good view City view Swimming Pool View River view Ensuite Maid bedroom Balcony"
"https://www.28hse.com/en/buy/apartment/property-3907962","Clear Water Bay Hillview Court","Unit C,High Floor,BLOCK 3","997","12036","12","3","3","Century 21 Goodwin Property Clear Water Bay Branch","3 Bedrooms , 3 Bathrooms North east Apartment Garden view Swimming Pool View Indoor Car Park Roof top Ensuite Maid bedroom Clubhouse"
"https://www.28hse.com/en/buy/apartment/property-3972896","Fanling Royal Knoll","Unit B,Mid Floor,BLOCK 1","946","11628","11","4","2","Midland Realty","4 Bedrooms , 2 Bathrooms South west Apartment Grand Sea Indoor Car Park Elegant"
"https://www.28hse.com/en/buy/apartment/property-4020604","Tai Po Casa Marina","Whole Block,CASA MARINA II","1446","10373","15","3",,"Centaline Property Agency Limited","3 Bedrooms Apartment Henderson Garden view Garden Roof top Ensuite VR"
"https://www.28hse.com/en/buy/apartment/property-4020513","Tsuen Wan Sham Tseng Rhine Terrace","Unit A,High Floor,Rhine Terrace","1206","8259","9.96",,,"Midland Realty","South west Apartment"
"https://www.28hse.com/en/buy/apartment/property-3958455","The Lohas Le Prime Of Le Prestige","Unit RD,Low Floor,TOWER 6","990","10687","10.58","4",,"Centaline Property Agency Limited","4 Bedrooms East Apartment CK Asset Good view"
"https://www.28hse.com/en/buy/apartment/property-4002678","The Lohas La Splendeur Of Le Prestige","Unit LC,Mid Floor,TOWER 11","1005","11423","11.48","4",,"Midland Realty","4 Bedrooms South Apartment CK Asset"
"https://www.28hse.com/en/buy/apartment/property-3631816","Sheung Shui Tsiu Keng Tsuen","Full floor","2100","5619","11.8","5+","3","Homestead Property Agency Limited","5+ Bedrooms , 3 Bathrooms Apartment Village House Garden Balcony Roof top Duplex Apartment Whole floor"
"https://www.28hse.com/en/buy/apartment/property-3947267","Tuen Mun South Hillcrest","Unit K,High Floor,South Hillcrest","1100","10273","11.3","4",,"Centaline Property Agency Limited","4 Bedrooms East Apartment New World VR"
"https://www.28hse.com/en/buy/apartment/property-4020396","Sheung Shui Golf Parkview","Unit A,Mid Floor,BLOCK 3","1079","9268","10","3","2","Midland Realty","3 Bedrooms , 2 Bathrooms South west Apartment Hanison Indoor Car Park"
"https://www.28hse.com/en/buy/apartment/property-4020394","Yuen Long Residence 88","Unit G,Low Floor,TOWER 1","915","11803","10.8","4","2","Midland Realty","4 Bedrooms , 2 Bathrooms Apartment SHKP Good view Elegant Balcony Clubhouse MTR nearby"
"https://www.28hse.com/en/buy/apartment/property-3642992","Ho Man Tin Ellery Terrace","Unit A,Low Floor,Ellery Terrace","949","14731","13.98","3","2","Kam Tat Property Agency","3 Bedrooms , 2 Bathrooms South east Apartment China Overseas Good view City view Elegant Ensuite Maid bedroom Shopping Mall nearby"
"https://www.28hse.com/en/buy/apartment/property-4020380","Fanling The Green","Whole Block,HOUSE NO.78,CHERRY DRIVE","1315","10646","14","3","2","Midland Realty","3 Bedrooms , 2 Bathrooms Apartment China Overseas Indoor Car Park"
"https://www.28hse.com/en/buy/apartment/property-4020356","Hung Shui Kiu Uptown","Unit F,Mid Floor,TOWER 6,BUILDING","902","8537","7.7","4","2","Midland Realty","4 Bedrooms , 2 Bathrooms West Apartment CK Asset"
"https://www.28hse.com/en/buy/apartment/property-4020346","Tsim Sha Tsui Mercantile House","Unit A,Low Floor,Mercantile House","914","7987","7.3","2","1","Sirius Property World One Company Limited","2 Bedrooms , 1 Bathroom Western Style Bldg Stand-alone Building Terrace"
"https://www.28hse.com/en/buy/apartment/property-3947159","Tai Po Casa Marina","House","1425","11088","15.8","3","2","Century 21 Deluxe Home Property Ltd","3 Bedrooms , 2 Bathrooms Apartment House Henderson Swimming Pool View Elegant Indoor Car Park Garden Balcony Roof top"
"https://www.28hse.com/en/buy/apartment/property-4020261","Shatin Dragons Range","Mid Floor,TOWER 3,COURT C","944","12712","12","3",,"Centaline Property","3 Bedrooms North east Apartment Kerry"
"https://www.28hse.com/en/buy/apartment/property-4020249","Shatin Dragons Range","Unit D,Mid Floor,TOWER 3,COURT C","944","13242","12.5","2","2","Midland Realty International Limited","2 Bedrooms , 2 Bathrooms North west Apartment Kerry Garden view Mountain view Good view Maid bedroom Balcony Clubhouse"
"https://www.28hse.com/en/buy/apartment/property-4020175","Tai Po Savanna Garden","Unit A,Mid Floor,BLOCK 49,BUILDING","962","9231","8.88","3",,"Centaline Property Agency Limited","3 Bedrooms Apartment Mountain view Balcony Ensuite VR"
"https://www.28hse.com/en/buy/apartment/property-3497194","Sheung Shui Village","W/F","1890","7238","13.68","5+","5+","Wai Tin Property Agency Limited","5+ Bedrooms , 5+ Bathrooms Village House Garden view Good view Luxury Garden Balcony Roof top Ensuite Maid bedroom"
"https://www.28hse.com/en/buy/apartment/property-1784063","Tin Shui Wai Village","W/F","1890","5185","9.8","5+","3","Wai Tin Property Agency Limited","5+ Bedrooms , 3 Bathrooms Village House Mountain view Good view Elegant Garden Balcony Roof top"
"https://www.28hse.com/en/buy/apartment/property-3662143","Happy Valley Pine Gardens","11A","1122","14260","16",,,"First Residence (real Estate) Agency Limited","Apartment Garden view Elegant"
"https://www.28hse.com/en/buy/apartment/property-4019938","The Lohas Hemera","Unit LB,High Floor,TOWER 1","1135","12511","14.2","4",,"Hong Kong Property","4 Bedrooms Apartment Henderson Good view Sea view Mountain view Simple Sole Agent"
"https://www.28hse.com/en/buy/apartment/property-4019936","The Lohas Hemera","Unit LB,Low Floor,TOWER 3","941","12179","11.46","4",,"Hong Kong Property","4 Bedrooms Apartment Henderson Simple Good view Mountain view Sole Agent"
"https://www.28hse.com/en/buy/apartment/property-3978609","Tsuen Wan Sham Tseng Hong Kong Garden","Unit A,Low Floor,BLOCK 24,PHASE 3","1381","8689","12","3",,"Midland Realty","3 Bedrooms South Apartment Chinachem"
"https://www.28hse.com/en/buy/apartment/property-4019852","Tai Wo Hau Wo Yi Hop Tsuen","VR Floor Plan","1500","5987","8.98","5+","5+","Omura Property Limited","5+ Bedrooms , 5+ Bathrooms Village House Mountain view Good view City view Simple Garden Roof top Terrace VR"
"https://www.28hse.com/en/buy/apartment/property-4019816","Yuen Long Parkside Villa","Unit B,Low Floor,BLOCK 2","944","9746","9.2","3","2","Midland Realty","3 Bedrooms , 2 Bathrooms Apartment Clubhouse Ensuite Elegant Good view"
"https://www.28hse.com/en/buy/apartment/property-4019800","Tsuen Wan Sham Tseng Bellagio","Mid Floor,TOWER 2","935","11979","11.2",,,"Home Easy Property","West Apartment Wheelock Garden view Sea view"
"https://www.28hse.com/en/buy/apartment/property-4019789","Yuen Long Yoho Midtown","Unit D,Mid Floor,TOWER M1","915","14973","13.7","3","2","Midland Realty","3 Bedrooms , 2 Bathrooms Apartment SHKP"
"https://www.28hse.com/en/buy/apartment/property-3782786","Ho Man Tin Duchy Heights","Unit C,Mid Floor,Duchy Heights","989","12133","12","3","2","Win Ka Property Consultant Limited","3 Bedrooms , 2 Bathrooms Western Style Bldg Stand-alone Building Good view Ensuite Simple"
"https://www.28hse.com/en/buy/apartment/property-3853246","Kowloon Tong Jumbo Court","Unit C,Mid Floor,Jumbo Court","906","14658","13.28","3","2","Win Ka Property Consultant Limited","3 Bedrooms , 2 Bathrooms Apartment Western Style Bldg Indoor Car Park Mountain view Luxury"
"https://www.28hse.com/en/buy/apartment/property-3690158","Kowloon Tong Ava Court","Unit E,Low Floor,Ava Court","1048","10477","10.98","3","2","Win Ka Property Consultant Limited","3 Bedrooms , 2 Bathrooms Western Style Bldg Apartment Indoor Car Park"
"https://www.28hse.com/en/buy/apartment/property-3757847","Yuen Long Village","1","1400","5200","7.28","4","2","Kin Fu Realty","4 Bedrooms , 2 Bathrooms Village House Garden"
"https://www.28hse.com/en/buy/apartment/property-3405087","Tai Wo Parc Versailles","Mid Floor,BLOCK 35,PARC VERSAILLES II","989","10920","10.8","4","2","Century 21 Yu Tin Property","4 Bedrooms , 2 Bathrooms Apartment Hang Lung Good view Luxury Indoor Car Park Maid bedroom Clubhouse MTR nearby Shopping Mall nearby"
"https://www.28hse.com/en/buy/apartment/property-3006533","Sheung Shui Sheungshui","G","2100","5476","11.5","5+","4","Kayo Property Agency Limited","5+ Bedrooms , 4 Bathrooms Village House"
"https://www.28hse.com/en/buy/apartment/property-3978925","Causeway Bay Leigyinn Building","60C","1025","9463","9.7","3","1","Top Bright Realty Agency","3 Bedrooms , 1 Bathroom Apartment Sole Agent"
"https://www.28hse.com/en/buy/apartment/property-3595713","North Point Mid Maiden Court","Low Floor,Block A","992","16129","16","3","2","Lik Ka Property Consultant Company Limited","3 Bedrooms , 2 Bathrooms Apartment Indoor Car Park Good school zone"
"https://www.28hse.com/en/buy/apartment/property-3336175","Fanling Village","G&1","1274","5243","6.68","4","3","Festival Home Property Agency Limited","4 Bedrooms , 3 Bathrooms Village House Mountain view Good view Garden Balcony Ensuite Maid bedroom Duplex Apartment Include Powder Room"
"https://www.28hse.com/en/buy/apartment/property-4019377","Kowloon City Bright View Court","Unit A,Mid Floor,Bright View Court","1058","15123","16","3",,"Centaline Property","3 Bedrooms Apartment"
"https://www.28hse.com/en/buy/apartment/property-4019276","Kwai Chung Regency Park","Mid Floor,TOWER 4","1083","14312","15.5","3","2","Easy Land Agency Ltd.","3 Bedrooms , 2 Bathrooms Apartment Good view Sea view Simple Indoor Car Park Balcony Ensuite Maid bedroom Clubhouse"
"https://www.28hse.com/en/buy/apartment/property-4019261","Kwai Chung Wonderland Villas","Mid Floor,BLOCK 8","947","11088","10.5","3","2","Easy Land Agency Ltd.","3 Bedrooms , 2 Bathrooms Apartment SHKP Good view Elegant Ensuite Clubhouse"
"https://www.28hse.com/en/buy/apartment/property-3952331","Tuen Mun Castle Peak Road Tuen Mun Court","Unit B,Mid Floor,Tuen Mun Court","1465","8055","11.8",,,"Midland Realty International Limited","Apartment"
"https://www.28hse.com/en/buy/apartment/property-4019161","Yuen Long Grand Yoho","Unit F,Mid Floor,TOWER 8,PHASE 2","907","17089","15.5","4","2","Ricacorp Properties","4 Bedrooms , 2 Bathrooms East Apartment SHKP"
"https://www.28hse.com/en/buy/apartment/property-1780020","North Point City Garden","High Floor,BLOCK 10","1012","14802","14.98",,,"Century 21 Sunrise Property Agency Limited","Apartment CK Asset Mountain view"
"https://www.28hse.com/en/buy/apartment/property-4008465","Yuen Long Crescent Green","Low Floor,Tower 7,Building","1006","9742","9.8","3","2","Ricacorp Properties","3 Bedrooms , 2 Bathrooms East Apartment Road King Garden view Swimming Pool View Elegant Indoor Car Park VR"
"https://www.28hse.com/en/buy/apartment/property-3955175","Pak Shek Kok Providence Bay","Unit D,High Floor,TOWER 7,大廈","1099","12557","13.8","4","2","Midland Realty","4 Bedrooms , 2 Bathrooms South Apartment Sino Garden view"
"https://www.28hse.com/en/buy/apartment/property-4018946","Yuen Long Seasons Villas","Whole Block,KAM TIN ROAD","920","10250","9.43","3","3","Midland Realty","3 Bedrooms , 3 Bathrooms Apartment House CK Asset Mountain view Garden view Good view Luxury Indoor Car Park Garden"
"https://www.28hse.com/en/buy/apartment/property-4018928","Tsuen Wan The Cairnhill","Unit B,Low Floor,BLOCK 10,PHASE 1","931","11600","10.8","3","2","美聯物業","3 Bedrooms , 2 Bathrooms Apartment"
"https://www.28hse.com/en/buy/apartment/property-4018872","Hung Shui Kiu Kisland Villa","Unit B,Mid Floor,BLOCK 1","930","7828","7.28","4","2","Midland Realty","4 Bedrooms , 2 Bathrooms Apartment Garden view Elegant Indoor Car Park"
"https://www.28hse.com/en/buy/apartment/property-3904253","Tai Po The Paragon","High Floor,BLOCK 12","1109","9919","11","3","2","Century 21 Deluxe Home Property Ltd","3 Bedrooms , 2 Bathrooms Apartment Garden view Good view Indoor Car Park"
"https://www.28hse.com/en/buy/apartment/property-3786022","Tai Po Tolo Ridge","Mid Floor,BLOCK B","1223","9812","12","3","2","Century 21 Deluxe Home Property Ltd","3 Bedrooms , 2 Bathrooms Apartment Sea view"
"https://www.28hse.com/en/buy/apartment/property-3981005","Yuen Long Fairview Park","Whole Block,ZONE C","1035","13043","13.5","3",,"Midland Realty","3 Bedrooms Apartment Elegant Indoor Car Park Clubhouse Shopping Mall nearby MTR nearby Garden Mountain view Good view"
"https://www.28hse.com/en/buy/apartment/property-4011263","Tung Chung The Visionary","Unit A,Low Floor,TOWER 5,BUILDING","1221","11876","14.5","4",,"Centaline Property Agency Limited","4 Bedrooms North Apartment Nan Fung"
"https://www.28hse.com/en/buy/apartment/property-4018782","Pak Shek Kok Providence Bay","Unit D,Mid Floor,TOWER 2,大廈","1116","11201","12.5","4",,"Centaline Property Agency Limited","4 Bedrooms Apartment Sino Garden view Balcony Clubhouse Maid bedroom"
"https://www.28hse.com/en/buy/apartment/property-4018660","Tai Wai Festival City","Unit SB,Low Floor,TOWER 3,PHASE II","958","16284","15.6",,,"Rprosper Property Agency Limited","Apartment CK Asset"
"https://www.28hse.com/en/buy/apartment/property-4018641","Causeway Bay Waldorf Mansion","Low Floor,Waldorf Mansion","1173","8517","9.99","4","4","Sirius Property World One Company Limited","4 Bedrooms , 4 Bathrooms Stand-alone Building Luxury Building view City view"
"https://www.28hse.com/en/buy/apartment/property-4014783","Kowloon Tong Sheffield Garden","Unit B2,High Floor,BLOCK B","1121","12043","13.5","3","2","Grand Harvest Property Agency Co., Limited","3 Bedrooms , 2 Bathrooms Stand-alone Building Ensuite Maid bedroom Good school zone"
"https://www.28hse.com/en/buy/apartment/property-4006345","The Lohas Le Prestige","Unit LD,High Floor,TOWER 5","972","11317","11","4","2","Midland Realty International Limited","4 Bedrooms , 2 Bathrooms South east Apartment CK Asset Elegant Mountain view Include Powder Room"
"https://www.28hse.com/en/buy/apartment/property-2571529","Tsuen Wan Sham Tseng Bellagio","High Floor,TOWER 3","941","12965","12.2","3","3","Home Easy Property Agency Limited","3 Bedrooms , 3 Bathrooms South west Apartment Wheelock Sea view Simple"
"https://www.28hse.com/en/buy/apartment/property-3450503","Western Mid-levels Hanwin Mansion","Unit C,Mid Floor,Hanwin Mansion","946","15856","15",,,"First Residence (real Estate) Agency Limited","Apartment Luxury"
"https://www.28hse.com/en/buy/apartment/property-3955939","Tseung Kwan O Oscar By The Sea","Unit D,Mid Floor,BLOCK 2","1038","12042","12.5","4","1","Hong Kong Property","4 Bedrooms , 1 Bathroom Apartment SHKP Mountain view Elegant Sole Agent"
"https://www.28hse.com/en/buy/apartment/property-4018570","Sai Kung Tsam Chuk Wan Village","G-2","1900","8421","16",,,"Goman Properties Ltd","Village House Simple Outdoor Car Park River view Good view Mountain view"
"https://www.28hse.com/en/buy/apartment/property-4018554","Sai Kung Village","G-2","2100","7048","14.8","5+","3","Goman Properties Ltd","5+ Bedrooms , 3 Bathrooms Village House Apartment Indoor Car Park Terrace Maid bedroom Ensuite Mountain view Sea view Good view"
"https://www.28hse.com/en/buy/apartment/property-4007982","Yuen Long Park Yoho","Unit B,Low Floor,TOWER 6B,PARK YOHO VENEZIA","944","12373","11.68","3","2","Centaline Property Agency Limited","3 Bedrooms , 2 Bathrooms South Apartment SHKP Elegant Garden view Mountain view Good view VR"
"https://www.28hse.com/en/buy/apartment/property-4018392","Yuen Long La Grove","Unit C,High Floor,TOWER 5","940","10638","10","3",,"Centaline Property Agency Limited","3 Bedrooms North east Apartment SHKP Terrace"
"https://www.28hse.com/en/buy/apartment/property-4018383","Hung Shui Kiu Uptown","Mid Floor,TOWER 6,BUILDING","902","8847","7.98","4","2","Sheung Ka Property Limited","4 Bedrooms , 2 Bathrooms Apartment CK Asset Balcony Clubhouse"
"https://www.28hse.com/en/buy/apartment/property-3975029","Yuen Long Hill Wood","House","2204","6352","14","5+","5+","Sheung Ka Property Limited","5+ Bedrooms , 5+ Bathrooms Village House House Elegant Outdoor Car Park Maid bedroom Whole floor Roof top Garden Duplex Apartment"
"https://www.28hse.com/en/buy/apartment/property-4018225","Fotan The Palazzo","Unit C,High Floor,TOWER 7","906","2","15","3",,"Centaline Property Agency Limited","3 Bedrooms Apartment Sino Good view Balcony Ensuite Maid bedroom Clubhouse MTR nearby"
"https://www.28hse.com/en/buy/apartment/property-3929868","Tai Po Constellation Cove","Low Floor,Block 3,Building","1101","14532","16","3","2","Property Plaza Limited","3 Bedrooms , 2 Bathrooms Apartment Kerry Carpark Include Powder Room"
"https://www.28hse.com/en/buy/apartment/property-4018210","Fotan Royal Ascot","Unit B,High Floor,BLOCK 8","974","14579","14.2","3",,"Centaline Property Agency Limited","3 Bedrooms North west Apartment SHKP Ensuite MTR nearby Balcony Clubhouse Elegant Good view"
"https://www.28hse.com/en/buy/apartment/property-3673756","Kwai Chung Wonderland Villas","Low Floor,BLOCK 8","1031","10184","10.5","3","2","Easy Land Agency Ltd.","3 Bedrooms , 2 Bathrooms South east Apartment SHKP Good view Simple Ensuite Maid bedroom Clubhouse"
"https://www.28hse.com/en/buy/apartment/property-3933789","Wan Chai Miramar Villa","West Wing 2","944","12712","12","3","1","景泰物業顧問有限公司","3 Bedrooms , 1 Bathroom Apartment Good view Outdoor Car Park"
"https://www.28hse.com/en/buy/apartment/property-4017938","Yuen Long Scenic Heights","Whole Block,House","1666","8283","13.8","5+","4","Midland Realty International Limited","5+ Bedrooms , 4 Bathrooms West Apartment House MTR nearby Garden Shopping Mall nearby Outdoor Car Park Elegant Garden view"
"https://www.28hse.com/en/buy/apartment/property-4017899","Yuen Long Palm Springs","Whole Block,NO. 16 LAUREL PATH,Phase 1C (Westwood) Laurel","1017","11799","12","3","3","Midland Realty International Limited","3 Bedrooms , 3 Bathrooms North Apartment Good view Garden view Outdoor Car Park Luxury Clubhouse Shopping Mall nearby MTR nearby"
"https://www.28hse.com/en/buy/apartment/property-4017886","Fotan The Grandville","Unit B,Mid Floor,TOWER C,PHASE 1","922","13970","12.88","3","2","Centaline Property Agency Limited","3 Bedrooms , 2 Bathrooms South east Apartment Wing Tai Good school zone Clubhouse Ensuite Balcony Maid bedroom Indoor Car Park VR"
"https://www.28hse.com/en/buy/apartment/property-4017880","Yuen Long Seasons Palace","Whole Block,KAM SHEUNG ROAD","926","11339","10.5","5+","4","Midland Realty International Limited","5+ Bedrooms , 4 Bathrooms South east Apartment CK Asset Garden view Good view Mountain view Outdoor Car Park Simple Clubhouse"
"https://www.28hse.com/en/buy/apartment/property-3958759","Ho Man Tin Cheerbond Court","Low Floor,Cheerbond Court","920","13370","12.3","3","2","Omura Property Limited","3 Bedrooms , 2 Bathrooms Apartment Stand-alone Building Garden view Good view City view Elegant Indoor Car Park Balcony Ensuite VR"
"https://www.28hse.com/en/buy/apartment/property-3959083","Tin Hau Kiu Hing Mansion","Low Floor,Kiu Hing Mansion","1109","9468","10.5","3","2","Omura Property Limited","3 Bedrooms , 2 Bathrooms Stand-alone Building City view Garden view Simple Shopping Mall nearby MTR nearby Ensuite VR"
"https://www.28hse.com/en/buy/apartment/property-3962148","Sham Shui Po Chak Kwan House","Low Floor,Chak Kwan House","1375","5520","7.59","5+","5+","Omura Property Limited","5+ Bedrooms , 5+ Bathrooms Western Style Bldg Stand-alone Building Good view Simple Terrace MTR nearby Shopping Mall nearby VR"
"https://www.28hse.com/en/buy/apartment/property-3833694","Kowloon City Le Billionnaire","Low Floor,Billionnaire Royale,BILLIONNAIRE ROYALE","1055","13223","13.95","3","2","Kai Sing Property Agency","3 Bedrooms , 2 Bathrooms Apartment Chinachem Garden view Good view City view Elegant"
"https://www.28hse.com/en/buy/apartment/property-4017412","Tai Wai Shatin Heights","Unit 1,High Floor,BLOCK F","1118","9392","10.5","3","3","Shing Sai Property","3 Bedrooms , 3 Bathrooms Apartment Elegant Indoor Car Park"
"https://www.28hse.com/en/buy/apartment/property-4002054","Tai Po The Beverly Hills","Whole Block,BOULEVARD DE FORET","1606","8331","13.38","5+",,"Century 21 Deluxe Home Property Ltd","5+ Bedrooms Apartment Elegant Indoor Car Park"
"https://www.28hse.com/en/buy/apartment/property-4005420","The Lohas Le Prestige","Unit LD,High Floor,TOWER 5","972","11317","11","4","3","Midland Realty","4 Bedrooms , 3 Bathrooms Apartment CK Asset Mountain view Good view"
"https://www.28hse.com/en/buy/apartment/property-4017344","Tuen Mun Castle Peak Road Avignon","High Floor,TOWER 7,大廈","918","8824","8.1","3","2","Easy Land Agency Ltd.","3 Bedrooms , 2 Bathrooms Apartment SHKP Garden view Good view Elegant Balcony Ensuite Maid bedroom Clubhouse"
"https://www.28hse.com/en/buy/apartment/property-3917375","Discovery Bay","Unit B,High Floor,BLOCK 10,LA SERENE","1405","10819","15.2","3","2","Nivas Property Consultancy Ltd.","3 Bedrooms , 2 Bathrooms Apartment HKR Mountain view Good view Sea view Elegant"
"https://www.28hse.com/en/buy/apartment/property-4017193","Tuen Mun Castle Peak Road Palatial Coast","Unit D,Mid Floor,BLOCK 2,GRAND PACIFIC VIEW","1187","7902","9.38","4","3","Earnest Property Agency Ltd","4 Bedrooms , 3 Bathrooms South Apartment Ensuite Clubhouse Maid bedroom Sea view Indoor Car Park"
"https://www.28hse.com/en/buy/apartment/property-3988532","Tuen Mun Castle Peak Road Palatial Coast","Mid Floor,BLOCK 3,GRAND PACIFIC VIEW","1186","10118","12","4","3","Earnest Property Agency Ltd","4 Bedrooms , 3 Bathrooms South Apartment Elegant Swimming Pool View Sea view Shopping Mall nearby Clubhouse Indoor Car Park"
"https://www.28hse.com/en/buy/apartment/property-4017145","Shatin Dragons Range","Mid Floor,TOWER 3,COURT C","944","12182","11.5","3","3","Century 21 Goodwin Property Shatin Luxury","3 Bedrooms , 3 Bathrooms North west Apartment Kerry"
"https://www.28hse.com/en/buy/apartment/property-4017137","Shatin Ascot Villa","High Floor,BLOCK B","1203","8296","9.98","3","2","Century 21 Goodwin Property Shatin Luxury","3 Bedrooms , 2 Bathrooms North Apartment Mountain view Good view Outdoor Car Park Roof top Good school zone Sole Agent"
"https://www.28hse.com/en/buy/apartment/property-4017127","The Lohas La Splendeur Of Le Prestige","Mid Floor,TOWER 11","1005","11423","11.48","4","2","Midland Property","4 Bedrooms , 2 Bathrooms South Apartment CK Asset Good school zone Balcony MTR nearby Shopping Mall nearby Ensuite Mountain view VR"
"https://www.28hse.com/en/buy/apartment/property-4017122","Mei Foo Mei Foo Sun Chuen","Unit B,Mid Floor,NO.50 BROADWAY,PHASE 2","959","11992","11.5","3","2","Ricacorp Properties","3 Bedrooms , 2 Bathrooms Apartment New World VR"
"https://www.28hse.com/en/buy/apartment/property-3843582","Yuen Long","House","3800","3416","12.98","5+","5+","Gold Rich Property Development Co., Limited","5+ Bedrooms , 5+ Bathrooms Apartment Village House House Mountain view Garden view Good view City view Luxury Outdoor Car Park"
"https://www.28hse.com/en/buy/apartment/property-4016895","Yuen Long The Hampstead Reach","Whole Block,House","1772","8347","14.79","4","5+","Midland Realty","4 Bedrooms , 5+ Bathrooms Apartment Henderson Good view Elegant Outdoor Car Park Garden Roof top Ensuite"
"https://www.28hse.com/en/buy/apartment/property-4016814","Yuen Long Riva","Unit A,Low Floor,TOWER 5,HELORUS BOULEVARD","1086","10866","11.8","4","2","Midland Realty","4 Bedrooms , 2 Bathrooms Apartment Good view Simple Indoor Car Park Balcony Clubhouse"
"https://www.28hse.com/en/buy/apartment/property-4016763","Yuen Long Palm Springs","House","967","10838","10.48",,,"Tak Lik Proerty Agency Limited","Apartment House Elegant Indoor Car Park Garden Roof top Terrace Ensuite Clubhouse"
"https://www.28hse.com/en/buy/apartment/property-4016648","Yuen Long Emerald Green","Unit D,Low Floor,BLOCK 3","1102","9056","9.98","4","3","Midland Realty","4 Bedrooms , 3 Bathrooms Apartment New World Good view Simple Balcony Clubhouse"
"https://www.28hse.com/en/buy/apartment/property-4016639","Yuen Long Scenic Heights","Whole Block,House","1666","7683","12.8","4","3","Midland Realty","4 Bedrooms , 3 Bathrooms South west Apartment House Carpark"
"https://www.28hse.com/en/buy/apartment/property-4016634","Ho Man Tin Duchy Heights","Unit C,High Floor,Duchy Heights","989","12942","12.8","3",,"Centaline Property","3 Bedrooms Apartment"
"https://www.28hse.com/en/buy/apartment/property-3947255","Fotan The Grandville","Mid Floor,TOWER D,PHASE 1","922","13753","12.68","4","3","Shing Sai Property","4 Bedrooms , 3 Bathrooms Apartment Wing Tai Elegant"
"https://www.28hse.com/en/buy/apartment/property-4016582","Tuen Mun Castle Peak Road Palatial Coast","Mid Floor,BLOCK 2,GRAND PACIFIC VIEW","1187","7902","9.38","3","2","Easy Land Agency Ltd.","3 Bedrooms , 2 Bathrooms South west Apartment Mountain view Good view Sea view Simple Indoor Car Park Ensuite Maid bedroom"
"https://www.28hse.com/en/buy/apartment/property-3710818","Tuen Mun Castle Peak Road Palatial Coast","High Floor,BLOCK 5,GRAND PACIFIC VIEW","1187","8088","9.6","3","2","Easy Land Agency Ltd.","3 Bedrooms , 2 Bathrooms South west Apartment Good view Sea view Elegant Indoor Car Park Ensuite Maid bedroom Clubhouse"
"https://www.28hse.com/en/buy/apartment/property-3927513","Tai Wo Winnye Tower","Low Floor,Winnye Tower","1195","10460","12.5","4","2","Richland Property Agency (hong Kong) Limited","4 Bedrooms , 2 Bathrooms Apartment Elegant Balcony Ensuite Maid bedroom MTR nearby"
"https://www.28hse.com/en/buy/apartment/property-4016530","Yuen Long Palm Springs","Whole Block,Phase 1A (Monterey) Osmanthus Path","967","12927","12.5","3",,"Centaline Property Agency Limited","3 Bedrooms Apartment"
"https://www.28hse.com/en/buy/apartment/property-4016498","Tai Po Constellation Cove","Mid Floor,Block 1,Building","1098","11658","12.8","3","3","Midland Realty","3 Bedrooms , 3 Bathrooms East Apartment Kerry Garden view Good view Elegant Indoor Car Park Ensuite Maid bedroom"
"https://www.28hse.com/en/buy/apartment/property-4016416","Tuen Mun Castle Peak Road Avignon","Low Floor,TOWER 11,大廈","1142","9457","10.8","4","2","Century 21 Sky On Properties","4 Bedrooms , 2 Bathrooms South Apartment SHKP Mountain view Garden view Good view Elegant Indoor Car Park Garden"
"https://www.28hse.com/en/buy/apartment/property-4016413","Tuen Mun Castle Peak Road Palatial Coast","Unit D,Mid Floor,BLOCK 2,GRAND PACIFIC VIEW","1186","7909","9.38","3","1","Century 21 Sky On Properties","3 Bedrooms , 1 Bathroom South west Apartment Good view Sea view Luxury Indoor Car Park Maid bedroom Clubhouse Shopping Mall nearby"
"https://www.28hse.com/en/buy/apartment/property-3787831","Ma On Shan Sunshine City","Unit A,High Floor,BLOCK 1,Phase 5","932","15966","14.88","3","2","Century 21 Goodwin Property Oceanaire","3 Bedrooms , 2 Bathrooms North Apartment Henderson Good view Sea view Swimming Pool View"
"https://www.28hse.com/en/buy/apartment/property-4016349","Shatin Forest Hill","Unit 2,High Floor,BLOCK D","934","12848","12","3","2","Century 21 Goodwin Property Shatin Luxury","3 Bedrooms , 2 Bathrooms North east Apartment Good view"
"https://www.28hse.com/en/buy/apartment/property-3888996","Tuen Mun Castle Peak Road Palatial Coast","Mid Floor,BLOCK 2,GRAND PACIFIC VIEW","1187","7902","9.38","3","2","Easy Land Agency Ltd.","3 Bedrooms , 2 Bathrooms South west Apartment Mountain view Good view Sea view Simple Indoor Car Park Ensuite Maid bedroom"
"https://www.28hse.com/en/buy/apartment/property-3968119","Tsuen Wan Long Beach Gardens","High Floor,TOWER 1","1319","12055","15.9","4","2","Easy Land Agency Ltd.","4 Bedrooms , 2 Bathrooms South Apartment Good view Sea view Simple Indoor Car Park"
"https://www.28hse.com/en/buy/apartment/property-1929706","Tuen Mun Castle Peak Road Castle Peak Villas","Ground Floor,BLOCK C","1362","7195","9.8","3","2","Easy Land Agency Ltd.","3 Bedrooms , 2 Bathrooms Apartment Good view Sea view Elegant Indoor Car Park Balcony Ensuite Maid bedroom"
"https://www.28hse.com/en/buy/apartment/property-3968315","Tuen Mun Castle Peak Road Palatial Coast","Low Floor,BLOCK 6,GRAND PACIFIC VIEW","1187","7582","9","3","2","Easy Land Agency Ltd.","3 Bedrooms , 2 Bathrooms South east Apartment Garden view Good view Simple Indoor Car Park Ensuite Maid bedroom Clubhouse"
"https://www.28hse.com/en/buy/apartment/property-4016258","Shatin Village","House","1200","4167","5",,,"Village House Property Agency Limited","Village House House Stand-alone Building Good view Elegant Garden Roof top Terrace Duplex Apartment MTR nearby"
"https://www.28hse.com/en/buy/apartment/property-3439329","Tai Po Village","House","1050","6362","6.68","3","4","Village House Property Agency Limited","3 Bedrooms , 4 Bathrooms Apartment Village House House Outdoor Car Park Garden Welcome University's Student Balcony Roof top Duplex Apartment"
"https://www.28hse.com/en/buy/apartment/property-2984061","Sheung Shui Village","House","2100","3810","8","5+","3","Village House Property Agency Limited","5+ Bedrooms , 3 Bathrooms South Apartment Village House House Elegant Indoor Car Park Garden Roof top Ensuite"
"https://www.28hse.com/en/buy/apartment/property-3291327","Tsuen Wan Village","House","2100","6181","12.98","5+","5+","Village House Property Agency Limited","5+ Bedrooms , 5+ Bathrooms Apartment Village House House Garden With tenant agreement Roof top Whole floor MTR nearby Shopping Mall nearby"
"https://www.28hse.com/en/buy/apartment/property-3952097","Sheung Shui Woodland Crest","Mid Floor,BLOCK 6","927","9924","9.2","3",,"Ricacorp Properties","3 Bedrooms Apartment SHKP"
"https://www.28hse.com/en/buy/apartment/property-3885869","Tai Po Village","House","2100","7619","16",,,"Kei Cheung Limited","Apartment Village House House"
"https://www.28hse.com/en/buy/apartment/property-3921752","Discovery Bay","High Floor,BLOCK 3,AMALFI","953","15215","14.5","3","2","Headland Homes Limited","3 Bedrooms , 2 Bathrooms South west Apartment HKR Good view Sea view Elegant Balcony Terrace"
"https://www.28hse.com/en/buy/apartment/property-4016139","Tsim Sha Tsui Burlington House","Full floor","1019","8636","8.8","3","2","Golden State (property Agency) Limited","3 Bedrooms , 2 Bathrooms Apartment Stand-alone Building Luxury"
"https://www.28hse.com/en/buy/apartment/property-4004713","Ho Man Tin Imperial Court","Mid Floor,Imperial Court","1037","6991","7.25","4","2","Pan Win Property","4 Bedrooms , 2 Bathrooms South Apartment Stand-alone Building Western Style Bldg City view Building view Balcony Good school zone"
"https://www.28hse.com/en/buy/apartment/property-3981200","Yuen Long Village","1","1350","6519","8.8","4",,"Hang Shun Real Estate Strategy Limited","4 Bedrooms Village House Apartment"
"https://www.28hse.com/en/buy/apartment/property-3686235","Yuen Long Palm Springs","House","1377","9354","12.88","3","1","Hang Shun Real Estate Strategy Limited","3 Bedrooms , 1 Bathroom South House"
"https://www.28hse.com/en/buy/apartment/property-3992481","Yuen Long Village","1","1350","6207","8.38","4",,"Hang Shun Real Estate Strategy Limited","4 Bedrooms Village House Apartment"
"https://www.28hse.com/en/buy/apartment/property-4012114","Ho Man Tin Cheerbond Court","Unit B,Mid Floor,Cheerbond Court","914","15317","14","3",,"Midland Realty","3 Bedrooms North Apartment"
"https://www.28hse.com/en/buy/apartment/property-4015135","Tai Po Constellation Cove","Low Floor,Block 1,Building","1089","12672","13.8","2",,"Centaline Property","2 Bedrooms Apartment Kerry VR"
"https://www.28hse.com/en/buy/apartment/property-4015094","Ho Man Tin Duchy Heights","Mid Floor,Duchy Heights","989","12133","12","3","2","Sirius Property Jk Company Ltd","3 Bedrooms , 2 Bathrooms Apartment Good view Elegant MTR nearby Shopping Mall nearby"
"https://www.28hse.com/en/buy/apartment/property-4015025","Yuen Long Palm Springs","Whole Block,Phase 1C (Westwood) Orchid","1377","8860","12.2","3","1","Midland Realty International Limited","3 Bedrooms , 1 Bathroom South Apartment House Building view Elegant Indoor Car Park Garden Roof top Duplex Apartment"
"https://www.28hse.com/en/buy/apartment/property-3556171","Fanling Village","Whole building","2100","6905","14.5","5+","5+","88 Property Company Limited","5+ Bedrooms , 5+ Bathrooms Apartment Village House Outdoor Car Park Luxury"
"https://www.28hse.com/en/buy/apartment/property-4014924","Sheung Shui Hang Tau Kwu Tung","VR Floor Plan","1400","4714","6.6","4","3","Omura Property Limited","4 Bedrooms , 3 Bathrooms Village House Mountain view Good view Simple Garden Roof top Ensuite VR"
"https://www.28hse.com/en/buy/apartment/property-4014861","Ho Man Tin Cambridge Mansion","Unit B,Low Floor,Cambridge Building","1130","11416","12.9","3",,"Centaline Property","3 Bedrooms Apartment VR"
"https://www.28hse.com/en/buy/apartment/property-4014856","Ho Man Tin Greenfield Terrace","Unit B2,Mid Floor,Block B","1013","15183","15.38","3","2","Grand Harvest Property Agency Co., Limited","3 Bedrooms , 2 Bathrooms Stand-alone Building Elegant Ensuite Maid bedroom Good school zone"
"https://www.28hse.com/en/buy/apartment/property-4014848","Ho Man Tin Cheerbond Court","Unit A,Low Floor,Cheerbond Court","920","12500","11.5","3","2","Grand Harvest Property Agency Co., Limited","3 Bedrooms , 2 Bathrooms Stand-alone Building Ensuite Maid bedroom Good school zone"
"https://www.28hse.com/en/buy/apartment/property-4014842","Tsuen Wan City Point","Unit F,Mid Floor,BLOCK 2","913","16210","14.8","4","3","Centaline Property Agency Limited","4 Bedrooms , 3 Bathrooms South west Apartment CK Asset Good view Sea view Elegant Balcony Ensuite Maid bedroom"
"https://www.28hse.com/en/buy/apartment/property-4014838","Ho Man Tin Perth Garden","Unit B,Low Floor,ILFORD COURT","994","15091","15","3","2","Grand Harvest Property Agency Co., Limited","3 Bedrooms , 2 Bathrooms Stand-alone Building With tenant agreement Ensuite Maid bedroom Good school zone"
"https://www.28hse.com/en/buy/apartment/property-4014835","Ho Man Tin Nos.1-3 Perth Street","10/F 1 Room","1270","10630","13.5","3","2","Grand Harvest Property Agency Co., Limited","3 Bedrooms , 2 Bathrooms Stand-alone Building Indoor Car Park Ensuite Maid bedroom Good school zone"
"https://www.28hse.com/en/buy/apartment/property-3353725","Kwun Tong Chiu Kwan Building","Unit F,Low Floor,Chiu Kwan Building","1040","7692","8","3","2","Hang Cheong Property Agency Co","3 Bedrooms , 2 Bathrooms North east Stand-alone Building"
"https://www.28hse.com/en/buy/apartment/property-3949229","Tung Chung The Visionary","Unit A,Low Floor,TOWER 5,BUILDING","1221","11876","14.5","4","3","Ricacorp Properties","4 Bedrooms , 3 Bathrooms North Apartment Nan Fung Elegant Garden view"
"https://www.28hse.com/en/buy/apartment/property-3984729","Hung Shui Kiu The Eldorado","High Floor,BLOCK 3","1070","6589","7.05","4","3","Sheung Ka Property Limited","4 Bedrooms , 3 Bathrooms Apartment Mountain view Garden view Good view Swimming Pool View Luxury Indoor Car Park Balcony Roof top"
"https://www.28hse.com/en/buy/apartment/property-4007698","Kowloon City Billionnaire Royale","2","1055","13232","13.96","3","3","Century 21 Kai Fung Properties Agency","3 Bedrooms , 3 Bathrooms Apartment Chinachem"
"https://www.28hse.com/en/buy/apartment/property-4014544","Tai Po Mont Vert","Unit B,High Floor,TOWER 6,PHASE I","909","10451","9.5","3","3","Kai Shun Realty Agency","3 Bedrooms , 3 Bathrooms East Apartment CK Asset Sea view Good view Elegant Sole Agent"
"https://www.28hse.com/en/buy/apartment/property-4014542","Fanling The Green","Whole Block,POPLAR DRIVE","1328","9488","12.6","3","4","Midland Realty","3 Bedrooms , 4 Bathrooms Apartment China Overseas Good view Simple Indoor Car Park"
"https://www.28hse.com/en/buy/apartment/property-4014532","Hung Hom Royal Peninsula","Low Floor","1051","14082","14.8","3",,"Sunrise Property Hk Agency Ltd","3 Bedrooms Apartment SHKP Elegant"
"https://www.28hse.com/en/buy/apartment/property-3965601","Ma On Shan Sausalito","Unit A,Low Floor,TOWER 2","971","12564","12.2","4","2","Midland Realty","4 Bedrooms , 2 Bathrooms North west Apartment CK Asset Sea view"
"https://www.28hse.com/en/buy/apartment/property-4014420","North Point Bedford Gardens","High Floor,PAK LEE COURT","1160","11017","12.78","4","2","Century 21 Sunrise Property Agency Limited","4 Bedrooms , 2 Bathrooms Apartment Elegant Ensuite Maid bedroom MTR nearby Shopping Mall nearby Good school zone"
"https://www.28hse.com/en/buy/apartment/property-3913385","Tai Po Village","Duplex","1400","7714","10.8","2","3","Easywin Property Agency Limited","2 Bedrooms , 3 Bathrooms East Village House Elegant Sea view Duplex Apartment Balcony Maid bedroom Roof top"
"https://www.28hse.com/en/buy/apartment/property-3982793","Tung Chung The Visionary","Unit A,Mid Floor,TOWER 2,BUILDING","1144","11801","13.5","3","3","Centaline Property Agency Limited","3 Bedrooms , 3 Bathrooms Apartment Nan Fung"
"https://www.28hse.com/en/buy/apartment/property-3987115","Tin Hau Dragon Court","Mid Floor,BLOCK C","1143","13106","14.98","3","2","Lik Ka Property Consultant Company Limited","3 Bedrooms , 2 Bathrooms Apartment Mountain view Good view Good school zone Ensuite Shopping Mall nearby Balcony MTR nearby Elegant"
"https://www.28hse.com/en/buy/apartment/property-4014003","Tuen Mun Castle Peak Road The Hillgrove","Low Floor,CRESCENT V","1335","8989","12",,,"Earnest Property Agency Ltd","Apartment Wing Tai Indoor Car Park Garden view Ensuite Garden Clubhouse"
"https://www.28hse.com/en/buy/apartment/property-3981389","Tuen Mun Castle Peak Road The Hillgrove","High Floor,EBONY II","903","11960","10.8","4","3","Earnest Property Agency Ltd","4 Bedrooms , 3 Bathrooms South Apartment Wing Tai Indoor Car Park Sea view Ensuite Clubhouse Maid bedroom Luxury"
"https://www.28hse.com/en/buy/apartment/property-4013847","Fanling Village","1","2100","4762","10",,,"Elite Union (hua Liang) Realty Limited","Village House Mountain view Garden view Good view Elegant Sole Agent"
"https://www.28hse.com/en/buy/apartment/property-3888171","Sai Kung Village","Full thickness","2100","7048","14.8","4","3","Ocean Realty","4 Bedrooms , 3 Bathrooms Village House Good view Elegant Outdoor Car Park Garden Balcony Roof top Ensuite"
"https://www.28hse.com/en/buy/apartment/property-3831972","Sai Kung Village","Full-thickness","1400","8214","11.5","3","2","Ocean Realty","3 Bedrooms , 2 Bathrooms Village House Mountain view Good view Elegant Outdoor Car Park Balcony Roof top"
"https://www.28hse.com/en/buy/apartment/property-4013824","Tai Po The Paragon","Unit A,High Floor,BLOCK 12","1109","9919","11","3","3","Centaline Property","3 Bedrooms , 3 Bathrooms North east Apartment Mountain view Good view City view Indoor Car Park VR"
"https://www.28hse.com/en/buy/apartment/property-4013799","Pak Shek Kok The Graces Providence Bay","Mid Floor,TOWER 6,BUILDING","1083","12465","13.5","3","2","Elite Union (hua Liang) Realty Limited","3 Bedrooms , 2 Bathrooms Apartment Sino Sea view Good view Mountain view Maid bedroom Ensuite Sole Agent"
"https://www.28hse.com/en/buy/apartment/property-4013796","Tuen Mun Castle Peak Road The Hillgrove","Low Floor,CRESCENT V","1335","8989","12","3","2","Century 21 Sky On Properties","3 Bedrooms , 2 Bathrooms Apartment Wing Tai Good view Garden Ensuite"
"https://www.28hse.com/en/buy/apartment/property-3996302","Ho Man Tin Yee Yuen Mansion","Unit C,Mid Floor,Yee Yuen Mansion","1006","9940","10","3","2","United Properties Limited","3 Bedrooms , 2 Bathrooms Apartment Carpark"
"https://www.28hse.com/en/buy/apartment/property-3950782","Yuen Long Park Signature","Unit D,Low Floor,TOWER 1","956","8556","8.18","4","3","Midland Realty","4 Bedrooms , 3 Bathrooms Apartment New World Good view Simple Balcony Ensuite Clubhouse Good school zone"
"https://www.28hse.com/en/buy/apartment/property-3950784","Yuen Long Seasons Palace","Whole Block,KAM SHEUNG ROAD","926","10799","10","3","3","Midland Realty","3 Bedrooms , 3 Bathrooms Apartment CK Asset Good view Simple Outdoor Car Park Garden Roof top Ensuite Clubhouse"
"https://www.28hse.com/en/buy/apartment/property-3993359","Pak Shek Kok Centra Horizon","Low Floor,TOWER 6","965","13264","12.8","3","2","Midland Realty","3 Bedrooms , 2 Bathrooms North west Apartment Garden view Elegant"
"https://www.28hse.com/en/buy/apartment/property-3845700","Tin Hau Dragon Court","Low Floor,BLOCK A","1143","13123","15","3","2","Lik Ka Property Consultant Company Limited","3 Bedrooms , 2 Bathrooms Apartment Ensuite Balcony MTR nearby"
"https://www.28hse.com/en/buy/apartment/property-3825606","Ho Man Tin Greenfield Terrace","Mid Floor,Block B","952","11534","10.98","3","1","Smile Property Limited","3 Bedrooms , 1 Bathroom Apartment City view"
"https://www.28hse.com/en/buy/apartment/property-4013676","Kowloon Tong Violet Court","Unit 1,High Floor,Violet Court","992","14113","14","3",,"Centaline Property","3 Bedrooms South Apartment Luxury VR"
"https://www.28hse.com/en/buy/apartment/property-4013648","Yuen Long Park Yoho","Unit B,Low Floor,TOWER 6B,PARK YOHO VENEZIA","944","12373","11.68","3","2","Midland Realty International Limited","3 Bedrooms , 2 Bathrooms South east Apartment SHKP Garden view Mountain view Good view Luxury"
"https://www.28hse.com/en/buy/apartment/property-4013573","Ho Man Tin Valiant Court","Unit B,Low Floor,Valiant Court","1302","11137","14.5","3",,"Centaline Property","3 Bedrooms East Apartment"
"https://www.28hse.com/en/buy/apartment/property-4013547","Tai Po The Paragon","Unit A,High Floor,BLOCK 12","1109","10099","11.2","3","2","Ricacorp Properties","3 Bedrooms , 2 Bathrooms Apartment Good view Elegant Indoor Car Park VR"
"https://www.28hse.com/en/buy/apartment/property-4012786","Tung Chung The Visionary","Unit A,High Floor,TOWER 2,BUILDING","1169","12575","14.7","3","3","Centaline Property Agency Limited","3 Bedrooms , 3 Bathrooms Apartment Nan Fung VR"
"https://www.28hse.com/en/buy/apartment/property-3710060","Tai Po Village","Lower duplex","1400","6571","9.2",,,"Kei Cheung Limited","Village House Apartment"
"https://www.28hse.com/en/buy/apartment/property-3922341","Mong Kok Sun Hing Building","Unit 9,High Floor,Sun Hing Building","1469","5106","7.5",,,"Hey Home Property Limited","Western Style Bldg Stand-alone Building MTR nearby Shopping Mall nearby Sole Agent"
"https://www.28hse.com/en/buy/apartment/property-4012705","Fotan Greenwood Terrace","Mid Floor,BLOCK 21,BUILDING","1143","12686","14.5",,,"Century 21 Goodwin Property Cityone","Apartment Garden view Elegant"
"https://www.28hse.com/en/buy/apartment/property-3795822","North Point City Garden","Low Floor,BLOCK 7","1010","12733","12.86","3","2","Sunrise Property Agency Limited","3 Bedrooms , 2 Bathrooms Apartment CK Asset"
"https://www.28hse.com/en/buy/apartment/property-3989932","North Point City Garden","High Floor,BLOCK 10","1012","14822","15","3","2","Sunrise Property Agency Limited","3 Bedrooms , 2 Bathrooms Apartment CK Asset"
"https://www.28hse.com/en/buy/apartment/property-3977231","Tsuen Wan The Cairnhill","Unit B,Low Floor,BLOCK 10,PHASE 1","931","11600","10.8","3",,"美聯物業","3 Bedrooms Apartment"
"https://www.28hse.com/en/buy/apartment/property-3977220","Tsuen Wan The Cairnhill","Unit A,Mid Floor,BLOCK 8,PHASE 1","1008","12897","13","3",,"美聯物業","3 Bedrooms South Apartment"
"https://www.28hse.com/en/buy/apartment/property-3665865","Clear Water Bay Green Park","Low Floor,Block 6","1147","12031","13.8","3","2","Goodhouse Property Limited","3 Bedrooms , 2 Bathrooms North west Apartment Luxury Indoor Car Park Garden Balcony Ensuite Maid bedroom Clubhouse"
"https://www.28hse.com/en/buy/apartment/property-3913972","Yau Tong Peninsula East","Unit A,Low Floor,TOWER 1","931","13190","12.28","3","2","Wings Property Consultants Ltd","3 Bedrooms , 2 Bathrooms Apartment Wheelock"
"https://www.28hse.com/en/buy/apartment/property-4012505","Tuen Mun Arkadia","F","1220","7279","8.88","4","2","Owner (landlord)","4 Bedrooms , 2 Bathrooms West landlord Apartment Village House Elegant Include Powder Room"
"https://www.28hse.com/en/buy/apartment/property-4012452","Tai Po Mont Vert","High Floor,TOWER 6,PHASE I","909","10869","9.88","3","3","Century 21 Deluxe Home Property Ltd","3 Bedrooms , 3 Bathrooms Apartment CK Asset Mountain view Good view"
"https://www.28hse.com/en/buy/apartment/property-4012411","The Lohas Le Prestige","Unit LD,High Floor,TOWER 5","972","11317","11","4","2","Midland Realty","4 Bedrooms , 2 Bathrooms Apartment CK Asset Mountain view Good view Simple Balcony Clubhouse MTR nearby Shopping Mall nearby"
"https://www.28hse.com/en/buy/apartment/property-3988477","Tuen Mun Castle Peak Road Palatial Coast","Mid Floor,BLOCK 3,GRAND PACIFIC VIEW","1186","10118","12","3","2","Century 21 Sky On Properties","3 Bedrooms , 2 Bathrooms Apartment Garden view Good view Sea view Luxury Indoor Car Park Ensuite Maid bedroom Clubhouse"
"https://www.28hse.com/en/buy/apartment/property-3985982","Tuen Mun Castle Peak Road Palatial Coast","Unit D,Mid Floor,BLOCK 2,GRAND PACIFIC VIEW","1186","7909","9.38","3","1","Century 21 Sky On Properties","3 Bedrooms , 1 Bathroom South west Apartment Good view Sea view Luxury Indoor Car Park Maid bedroom Clubhouse Shopping Mall nearby"
"https://www.28hse.com/en/buy/apartment/property-3992141","Tai Po Mont Vert","Low Floor,TOWER 5,PHASE I","932","9646","8.99","4","3","Century 21 Deluxe Home Property Ltd","4 Bedrooms , 3 Bathrooms Apartment CK Asset Mountain view Good view"
"https://www.28hse.com/en/buy/apartment/property-4012206","Ho Man Tin Kowloon Tong Mansion","Unit ST-110A,Low Floor,Kowloon Tong Mansion","1074","12104","13","3",,"Centaline Property","3 Bedrooms Apartment VR"
"https://www.28hse.com/en/buy/apartment/property-3997368","Tsuen Wan The Cairnhill","Unit B,Mid Floor,BLOCK 5,PHASE 1","1158","11917","13.8","3","3","Centaline Property Agency Limited","3 Bedrooms , 3 Bathrooms South west Apartment Good view City view Elegant Indoor Car Park Balcony Ensuite Maid bedroom"
"https://www.28hse.com/en/buy/apartment/property-4012164","Kowloon Tong Merryland Court","Unit A,High Floor,Merryland Court","969","15480","15",,,"Centaline Property","South Apartment VR"
"https://www.28hse.com/en/buy/apartment/property-4012147","Sheung Shui Eden Manor","Unit B,High Floor,TOWER 6,BUILDING","961","10822","10.4","3",,"Midland Realty International Limited","3 Bedrooms Apartment Henderson"
"https://www.28hse.com/en/buy/apartment/property-4012121","Ho Man Tin Paris Garden","Mid Floor,Paris Garden","924","16234","15","3",,"Centaline Property","3 Bedrooms North Apartment VR"
"https://www.28hse.com/en/buy/apartment/property-3968416","North Point Comfort Gardens","Unit D,High Floor,BLOCK A","1003","13958","14","3","2","Richland Realty Consultants Ltd(johnston Road Branch)","3 Bedrooms , 2 Bathrooms Apartment Elegant"
"https://www.28hse.com/en/buy/apartment/property-3930551","Mong Kok Kiu Yuen Mansion","Unit ST-247,High Floor,Kiu Yuen Mansion","1027","14606","15","3","2","United Properties Limited","3 Bedrooms , 2 Bathrooms Stand-alone Building Elegant Maid bedroom MTR nearby Shopping Mall nearby"
"https://www.28hse.com/en/buy/apartment/property-4011990","Yau Tong Peninsula East","Unit A,Low Floor,TOWER 1","931","13426","12.5","3","2","Midland","3 Bedrooms , 2 Bathrooms North west Apartment Wheelock Elegant Include Powder Room"
"https://www.28hse.com/en/buy/apartment/property-4011740","Tuen Mun Castle Peak Road South Crest","High Floor,South Crest","992","13911","13.8","3","2","Earnest Property Agency Ltd","3 Bedrooms , 2 Bathrooms South Apartment Indoor Car Park Roof top Ensuite Balcony Sea view"
"https://www.28hse.com/en/buy/apartment/property-4011693","The Lohas Le Prestige","Unit LD,High Floor,TOWER 5","972","11626","11.3","4","3","Ricacorp Properties","4 Bedrooms , 3 Bathrooms North east Apartment CK Asset"
"https://www.28hse.com/en/buy/apartment/property-4011596","Prince Edward Kenwood Mansion","Unit D,Mid Floor,Kenwood Mansion","955","10995","10.5","4","2","Andy Properties Agency","4 Bedrooms , 2 Bathrooms East Western Style Bldg Garden view Elegant"
"https://www.28hse.com/en/buy/apartment/property-3981001","Tai Po Mont Vert","Mid Floor,TOWER 6,PHASE I","947","10243","9.7","3","2","Century 21 Deluxe Home Property Ltd","3 Bedrooms , 2 Bathrooms Apartment CK Asset Sea view"
"https://www.28hse.com/en/buy/apartment/property-4011362","Shatin Garden Vista","Unit 1,Low Floor,BLOCK B","908","11762","10.68","3","2","Midland Realty","3 Bedrooms , 2 Bathrooms South east Apartment Henderson Elegant"
"https://www.28hse.com/en/buy/apartment/property-4011328","Tsuen Wan The Cliveden","Unit B,High Floor,BLOCK 2","910","12308","11.2","3","3","Centaline Property Agency Limited","3 Bedrooms , 3 Bathrooms South east Apartment Good view City view Elegant Indoor Car Park"
"https://www.28hse.com/en/buy/apartment/property-3980940","Kowloon City Billionnaire Royale","2","1055","13242","13.97","3","3","Century 21 Kai Fung Properties Agency","3 Bedrooms , 3 Bathrooms Apartment Chinachem"
"https://www.28hse.com/en/buy/apartment/property-3680935","Yuen Long Village","A","2100","7610","15.98","4","5+","Imperial Properties Agency Limited","4 Bedrooms , 5+ Bathrooms Village House"
"https://www.28hse.com/en/buy/apartment/property-3964458","Hung Shui Kiu Kisland Villa","High Floor,BLOCK 2","927","7853","7.28","4",,"Centaline Property Agency Limited","4 Bedrooms North west Apartment Mountain view Good view Luxury"
"https://www.28hse.com/en/buy/apartment/property-3956445","Tin Shui Wai Kingswood Villas","High Floor,BLOCK 10,KENSWOOD","1281","10148","13","4",,"Centaline Property Agency Limited","4 Bedrooms Apartment CK Asset Good view Maid bedroom Ensuite MTR nearby Roof top Clubhouse Shopping Mall nearby"
"https://www.28hse.com/en/buy/apartment/property-4011083","The Lohas Hemera","Unit LB,Low Floor,TOWER 2","942","11975","11.28","4",,"Midland Property","4 Bedrooms Apartment Henderson"
"https://www.28hse.com/en/buy/apartment/property-4011036","Yuen Long Grand Yoho","Mid Floor,TOWER 8,PHASE 2","907","15987","14.5","4",,"Centaline Property Agency Limited","4 Bedrooms Apartment SHKP MTR nearby Clubhouse Shopping Mall nearby Balcony Mountain view Good view Luxury"
"https://www.28hse.com/en/buy/apartment/property-4010942","Yuen Long Palm Springs","Whole Block,Phase 1C (Westwood) Pinaceae","980","14286","14","3",,"Centaline Property Agency Limited","3 Bedrooms Apartment"
"https://www.28hse.com/en/buy/apartment/property-4010917","Pak Shek Kok Providence Peak","Unit B,Mid Floor,TOWER 6,BUILDING","1010","13861","14","3","1","Ricacorp Properties","3 Bedrooms , 1 Bathroom Apartment Sino Good view VR"
"https://www.28hse.com/en/buy/apartment/property-3969572","Tai Po Villa Castell","BLOCK 40,Villa Castell","915","11344","10.38","2","2","Midland Realty","2 Bedrooms , 2 Bathrooms South Apartment Garden view Good view Swimming Pool View Elegant Indoor Car Park Roof top Ensuite"
"https://www.28hse.com/en/buy/apartment/property-4010807","Tuen Mun Castle Peak Road Verdant Villa","Mid Floor,TOWER 2","1161","8010","9.3","3","2","Omura Property Limited","3 Bedrooms , 2 Bathrooms Apartment Mountain view Good view Sea view Simple Indoor Car Park Ensuite Maid bedroom Clubhouse VR"
"https://www.28hse.com/en/buy/apartment/property-4010704","The Lohas Le Prime Of Le Prestige","Unit RD,Low Floor,TOWER 6","990","10384","10.28","4",,"Centaline Property Agency Limited","4 Bedrooms East Apartment CK Asset Good view Elegant"
"https://www.28hse.com/en/buy/apartment/property-3964865","The Lohas Le Prime Of Le Prestige","Unit RA,Mid Floor,TOWER 6","984","10650","10.48","4","3","Centaline Property Agency Limited","4 Bedrooms , 3 Bathrooms South east Apartment CK Asset Clubhouse Shopping Mall nearby Balcony Good school zone Ensuite MTR nearby"
"https://www.28hse.com/en/buy/apartment/property-4010607","Tai Po The Balmoral","Mid Floor,TOWER 3","976","11475","11.2","3",,"Centaline Property","3 Bedrooms Apartment Sino Indoor Car Park"
"https://www.28hse.com/en/buy/apartment/property-4010596","The Lohas Le Prestige","Unit RD,High Floor,TOWER 5","974","12115","11.8","3","2","Ricacorp Properties","3 Bedrooms , 2 Bathrooms North east Apartment CK Asset"
"https://www.28hse.com/en/buy/apartment/property-3984359","Fotan Rosary Villas","High Floor,Block 10","1431","10832","15.5","3","2","Ricacorp Properties","3 Bedrooms , 2 Bathrooms South east Apartment Good view Simple Outdoor Car Park Sole Agent Include Powder Room VR"
"https://www.28hse.com/en/buy/apartment/property-3948132","North Point Mid Kent Mansion","Low Floor,Kent Mansion","962","11310","10.88","3","2","Lik Ka Property Consultant Company Limited","3 Bedrooms , 2 Bathrooms North Apartment Elegant"
"https://www.28hse.com/en/buy/apartment/property-4009208","Fotan Shatin 33","High Floor,Block 4","1296","9707","12.58","4","3","Shing Sai Property","4 Bedrooms , 3 Bathrooms Apartment Sea view"
"https://www.28hse.com/en/buy/apartment/property-4009202","Shatin Pictorial Garden","High Floor,ELEGANT COURT--BLOCK C","1108","12978","14.38","3","2","Shing Sai Property (石門分行)","3 Bedrooms , 2 Bathrooms Apartment Chinachem Elegant Sole Agent"
"https://www.28hse.com/en/buy/apartment/property-3865061","Kowloon Tong Ava Court","High Floor,Ava Court","976","13197","12.88","3","2","Sirius Property Cc Company Limited","3 Bedrooms , 2 Bathrooms Western Style Bldg Stand-alone Building Luxury Outdoor Car Park Maid bedroom MTR nearby Shopping Mall nearby Good school zone"
"https://www.28hse.com/en/buy/apartment/property-3905513","Tai Po Mont Vert","High Floor,TOWER 6,PHASE I","909","10451","9.5","3","2","Kai Shun Realty Agency","3 Bedrooms , 2 Bathrooms Apartment CK Asset Elegant Sea view Sole Agent"
"https://www.28hse.com/en/buy/apartment/property-3963032","Tung Chung Caribbean Coast","High Floor,TOWER 16,Phase 4 Crystal Cove","912","10855","9.9","3","2","Ricacorp Properties","3 Bedrooms , 2 Bathrooms North east Apartment CK Asset Sea view Garden view Swimming Pool View Good view Elegant"
"https://www.28hse.com/en/buy/apartment/property-3901872","Tai Po Village","House","2100","7138","14.99","5+",,"Oriental Property Agency","5+ Bedrooms Village House House Mountain view Good view River view Luxury"
"https://www.28hse.com/en/buy/apartment/property-4008942","Tuen Mun Castle Peak Road Peridot Court","Low Floor,BLOCK 3","1012","9190","9.3","3","3","Kam Fai Property Agency Co.","3 Bedrooms , 3 Bathrooms Apartment Elegant"
"https://www.28hse.com/en/buy/apartment/property-3926299","Tai Po The Paragon","High Floor,BLOCK 12","1109","10099","11.2","3","3","世紀21煒業地產","3 Bedrooms , 3 Bathrooms Apartment Elegant Maid bedroom Shopping Mall nearby"
"https://www.28hse.com/en/buy/apartment/property-4006623","Hung Hom Laguna Verde","Low Floor","900","15544","13.99","3",,"Sunrise Property Hk Agency Ltd","3 Bedrooms Apartment CK Asset Sea view Garden view"
"https://www.28hse.com/en/buy/apartment/property-4008847","Shatin Kwun Yam Garden","House","1800","6556","11.8",,,"Ceo Property Agency Ltd.","House Mountain view Good view Elegant Outdoor Car Park"
"https://www.28hse.com/en/buy/apartment/property-3911240","Sheung Shui Eden Manor","Unit B,Mid Floor,TOWER 3,BUILDING","960","11927","11.45","3","3","Century 21 Property Agency (pak Shek Kok) Limited","3 Bedrooms , 3 Bathrooms South east Apartment Henderson Mountain view Garden view Good view"
"https://www.28hse.com/en/buy/apartment/property-4008831","Shatin Garden Vista","Mid Floor,BLOCK B","908","11784","10.7","3","2","Century 21 Goodwin Property Cityone Station","3 Bedrooms , 2 Bathrooms Apartment Henderson City view"
"https://www.28hse.com/en/buy/apartment/property-4008750","Tai Po Village","1","2100","4048","8.5","4","1","Cd Realty Limited","4 Bedrooms , 1 Bathroom South Village House Mountain view Good view City view Sea view Luxury Balcony Roof top"
"https://www.28hse.com/en/buy/apartment/property-3972988","Tuen Mun Castle Peak Road Palm Beach","Mid Floor,TOWER 2","1601","9369","15","5+","3","Earnest Property Agency Ltd","5+ Bedrooms , 3 Bathrooms South Apartment Maid bedroom Clubhouse Ensuite Shopping Mall nearby Indoor Car Park Sea view VR"
"https://www.28hse.com/en/buy/apartment/property-3950005","Fotan Royal Ascot","Mid Floor,BLOCK 6","958","13883","13.3","3",,"Centaline Property Agency Limited","3 Bedrooms North west Apartment SHKP VR"
"https://www.28hse.com/en/buy/apartment/property-3961961","Fotan Shatin Lodge","High Floor,Shatin Lodge","1005","13433","13.5","3",,"Centaline Property Agency Limited","3 Bedrooms South Apartment VR"
"https://www.28hse.com/en/buy/apartment/property-4008609","Tsuen Wan Long Beach Gardens","Unit A,High Floor,TOWER 1","1319","11751","15.5",,,"Midland Realty","Apartment"
"https://www.28hse.com/en/buy/apartment/property-4008528","Tuen Mun South Hillcrest","Unit K,High Floor,South Hillcrest","1100","11636","12.8","4","3","Ricacorp Properties","4 Bedrooms , 3 Bathrooms South east Apartment New World"
"https://www.28hse.com/en/buy/apartment/property-3858561","Fanling Village","House","1500","9200","13.8","3","3","88 Property Company Limited","3 Bedrooms , 3 Bathrooms Apartment Village House House Mountain view City view Simple Indoor Car Park"
"https://www.28hse.com/en/buy/apartment/property-3816731","Fanling Village","House","2100","7619","16","5+","4","88 Property Company Limited","5+ Bedrooms , 4 Bathrooms Village House House Mountain view Good view Simple"
"https://www.28hse.com/en/buy/apartment/property-4008433","The Lohas Le Prestige","Unit LA,Low Floor,TOWER 2","973","10791","10.5","4",,"Midland Realty","4 Bedrooms Apartment CK Asset"
"https://www.28hse.com/en/buy/apartment/property-4008419","Tseung Kwan O Oscar By The Sea","Unit A,Mid Floor,BLOCK 1","1040","13346","13.88","4","3","Centaline Property","4 Bedrooms , 3 Bathrooms South west Apartment SHKP Maid bedroom Ensuite Clubhouse Shopping Mall nearby Elegant Mountain view"
"https://www.28hse.com/en/buy/apartment/property-4008311","Kowloon Tong Westland Heights","Unit B,Mid Floor,Westland Heights","987","13982","13.8","3","2","Ricacorp Properties","3 Bedrooms , 2 Bathrooms Apartment Carpark VR"
"https://www.28hse.com/en/buy/apartment/property-4008305","Kowloon Tong Ava Court","Unit F,High Floor,Ava Court","976","13268","12.95","3",,"Centaline Property Agency Limited","3 Bedrooms North east Apartment"
"https://www.28hse.com/en/buy/apartment/property-4008001","Kowloon City Bright View Court","Unit A,Mid Floor,Bright View Court","1058","15123","16","3",,"Centaline Property","3 Bedrooms Apartment Building view VR"
"https://www.28hse.com/en/buy/apartment/property-4007975","Shatin Garden Vista","High Floor,BLOCK B","1112","13489","15","3","2","Century 21 Goodwin Property Cityone Station","3 Bedrooms , 2 Bathrooms North west Apartment Henderson River view Elegant Indoor Car Park"
"https://www.28hse.com/en/buy/apartment/property-3957433","Yuen Long Fairview Park","Whole Block,ZONE Q","1035","13527","14","3",,"Ricacorp Properties","3 Bedrooms Apartment Good view"
"https://www.28hse.com/en/buy/apartment/property-3958219","Yuen Long Fairview Park","Whole Block,ZONE O","1035","11884","12.3","3",,"Ricacorp Properties","3 Bedrooms Apartment"
"https://www.28hse.com/en/buy/apartment/property-3392398","Tung Chung The Visionary","Unit A,Mid Floor,TOWER 5,BUILDING","1221","12285","15","4","4","Tung Chung Property Agency Limited","4 Bedrooms , 4 Bathrooms North Apartment Nan Fung Elegant Indoor Car Park"
"https://www.28hse.com/en/buy/apartment/property-3754752","Tung Chung Tung Chung Crescent","Unit F,High Floor,BLOCK 2","1251","12630","15.8","4","2","Tung Chung Property Agency Limited","4 Bedrooms , 2 Bathrooms North west Apartment Swire Mountain view Garden view Good view Sea view Luxury Balcony"
"https://www.28hse.com/en/buy/apartment/property-3762921","Sheung Shui Village","House","2100","6181","12.98","4","3","Village House Property Agency Limited","4 Bedrooms , 3 Bathrooms Apartment Village House House Luxury Outdoor Car Park Garden Roof top Ensuite Duplex Apartment"
"https://www.28hse.com/en/buy/apartment/property-3760130","Tai Po Village","House","2100","5895","12.38","5+",,"Village House Property Agency Limited","5+ Bedrooms Village House House Stand-alone Building Elegant Indoor Car Park Garden Balcony Roof top Duplex Apartment"
"https://www.28hse.com/en/buy/apartment/property-3757027","Yuen Long Village","House","2100","4229","8.88","5+","4","Village House Property Agency Limited","5+ Bedrooms , 4 Bathrooms North Apartment Village House House Simple Outdoor Car Park Garden Balcony Roof top"
"https://www.28hse.com/en/buy/apartment/property-3672082","Tai Po Village","Middle layer","1400","5214","7.3",,,"Kei Cheung Limited","Village House"
"https://www.28hse.com/en/buy/apartment/property-3957656","Sai Kung Villa Royale","House","1234","11329","13.98","3",,"Q Power Property","3 Bedrooms House Simple Roof top Ensuite"
"https://www.28hse.com/en/buy/apartment/property-3464309","Fortress Hill Cornell Court","High Floor,CORNELL COURT","932","16631","15.5","3","2","Lik Ka Property Consultant Company Limited","3 Bedrooms , 2 Bathrooms Apartment Balcony Ensuite Maid bedroom MTR nearby Good school zone"
"https://www.28hse.com/en/buy/apartment/property-3546034","Tin Hau Dragon Court","Low Floor,BLOCK A","1143","13123","15","3","2","Lik Ka Property Consultant Company Limited","3 Bedrooms , 2 Bathrooms Apartment Balcony Ensuite Maid bedroom MTR nearby Shopping Mall nearby Good school zone"
"https://www.28hse.com/en/buy/apartment/property-4007638","Prince Edward Kenwood Mansion","Mid Floor,Kenwood Mansion","955","10995","10.5","3","2","Hey Home Property Limited","3 Bedrooms , 2 Bathrooms Western Style Bldg Elegant"
"https://www.28hse.com/en/buy/apartment/property-3866046","Kwai Chung Wonderland Villas","High Floor,BLOCK 9","1193","11567","13.8","3","2","Mountain View Property Agency Limited","3 Bedrooms , 2 Bathrooms Apartment SHKP Good view City view Sea view"
"https://www.28hse.com/en/buy/apartment/property-3866062","Kwai Chung Wonderland Villas","Unit B,Low Floor,BLOCK 12","1028","12160","12.5","3","2","Mountain View Property Agency Limited","3 Bedrooms , 2 Bathrooms Apartment SHKP Good view Sea view Swimming Pool View Elegant"
"https://www.28hse.com/en/buy/apartment/property-3831623","Fanling Dawning Views","High Floor,BLOCK 10","940","11170","10.5","4","2","Shun Shing Property Agency Limited","4 Bedrooms , 2 Bathrooms North east Apartment Henderson Mountain view Good view City view Elegant Roof top Ensuite"
"https://www.28hse.com/en/buy/apartment/property-4007509","Ma On Shan Symphony Bay","Unit A,Mid Floor,BLOCK 15,VILLA RHAPSODY","1285","11673","15","4",,"Centaline Property Agency Limited","4 Bedrooms North west Apartment SHKP Indoor Car Park Ensuite Maid bedroom Clubhouse Good view VR"
"https://www.28hse.com/en/buy/apartment/property-3994263","Tung Chung The Visionary","Unit B,Low Floor,TOWER 9,BUILDING","1034","12089","12.5","3","3","Centaline Property Agency Limited","3 Bedrooms , 3 Bathrooms Apartment Nan Fung Garden view Good view Elegant Balcony Maid bedroom Clubhouse Shopping Mall nearby"
"https://www.28hse.com/en/buy/apartment/property-4007401","Tai Po Richwood Park","High Floor,BLOCK 6,BUILDING","930","10204","9.49","4","3","Owner (landlord)","4 Bedrooms , 3 Bathrooms South east landlord Apartment Indoor Car Park"
"https://www.28hse.com/en/buy/apartment/property-3870486","Tai Po Savanna Garden","Low Floor,BLOCK 47,BUILDING","959","9364","8.98","3","2","Century 21 Property Agency (pak Shek Kok) Limited","3 Bedrooms , 2 Bathrooms South west Apartment Indoor Car Park Mountain view Elegant"
"https://www.28hse.com/en/buy/apartment/property-3567915","Tai Po Treasure Spot Palace","8","1400","6286","8.8",,,"Century 21 Property Agency (pak Shek Kok) Limited","Village House Garden view Mountain view River view Balcony Garden Ensuite Maid bedroom Elegant Outdoor Car Park"
"https://www.28hse.com/en/buy/apartment/property-4007279","The Lohas Le Prestige","Unit LD,Low Floor,TOWER 1","976","9990","9.75","4","3","Hong Kong Property","4 Bedrooms , 3 Bathrooms Apartment CK Asset Good view Mountain view Maid bedroom MTR nearby Ensuite Shopping Mall nearby Balcony"
"https://www.28hse.com/en/buy/apartment/property-4007277","The Lohas Lp6","Unit D,High Floor,TOWER 1 LP6","906","15011","13.6","3",,"Hong Kong Property","3 Bedrooms Apartment Nan Fung Simple Good view Sea view Sole Agent"
"https://www.28hse.com/en/buy/apartment/property-4007267","Yuen Long Seasons Villas","Whole Block,KAM TIN ROAD","933","9539","8.9","3","2","Midland Realty","3 Bedrooms , 2 Bathrooms Village House Apartment House CK Asset Elegant Indoor Car Park Maid bedroom Garden Roof top"
"https://www.28hse.com/en/buy/apartment/property-3880262","Pak Shek Kok Centra Horizon","Low Floor,TOWER 5","1022","12524","12.8","3","2","Rcw Group","3 Bedrooms , 2 Bathrooms Apartment"
"https://www.28hse.com/en/buy/apartment/property-3962198","Tuen Mun Castle Peak Road Palm Beach","Low Floor,TOWER 1","1556","9319","14.5","3","3","Century 21 Sky On Properties","3 Bedrooms , 3 Bathrooms Apartment Garden view Good view Elegant Indoor Car Park Ensuite Maid bedroom Duplex Apartment Shopping Mall nearby"
"https://www.28hse.com/en/buy/apartment/property-3965070","Tuen Mun Castle Peak Road Palatial Coast","Mid Floor,BLOCK 6,GRAND PACIFIC VIEW","1212","7591","9.2",,,"Century 21 Sky On Properties","Sold"
"https://www.28hse.com/en/buy/apartment/property-4007135","Tai Po The Beverly Hills","Whole Block,BOULEVARD DU PALAIS","1606","9215","14.8","5+","3","Centaline Property Agency Limited","5+ Bedrooms , 3 Bathrooms Apartment"
"https://www.28hse.com/en/buy/apartment/property-4007104","The Lohas Le Prestige","Unit LD,High Floor,TOWER 5","972","11317","11","4","2","Midland Realty","4 Bedrooms , 2 Bathrooms North east Apartment CK Asset Mountain view Good view Elegant Balcony Maid bedroom Clubhouse"
"https://www.28hse.com/en/buy/apartment/property-4007080","Pok Fu Lam 22 Crown Terrace","Crown Platform 18","1035","13333","13.8","2","2","Midland Realty International Limited","2 Bedrooms , 2 Bathrooms South east Apartment"
"https://www.28hse.com/en/buy/apartment/property-4006992","Fotan Greenwood Terrace","Mid Floor,BLOCK 21,BUILDING","1143","12686","14.5","3","3","Midland Realty","3 Bedrooms , 3 Bathrooms South west Apartment Mountain view Garden view Luxury Indoor Car Park Balcony Ensuite Maid bedroom"
"https://www.28hse.com/en/buy/apartment/property-3918845","Clear Water Bay Hillview Court","High Floor,BLOCK 3","997","12036","12","3","2","Everyday Property","3 Bedrooms , 2 Bathrooms Apartment Mountain view Good view Swimming Pool View Indoor Car Park Roof top Ensuite Maid bedroom"
"https://www.28hse.com/en/buy/apartment/property-4006919","Shatin Ngau Pei Sha","A>a","1950","7590","14.8","4","2","Castello Property Agency","4 Bedrooms , 2 Bathrooms South east Village House Good view Simple Garden Balcony Roof top Ensuite Maid bedroom"
"https://www.28hse.com/en/buy/apartment/property-4006812","Sheung Shui Miami Crescent","Whole Block,HOUSE","1795","8802","15.8","4","4","Centaline Property Agency Limited","4 Bedrooms , 4 Bathrooms South west Apartment"
"https://www.28hse.com/en/buy/apartment/property-4006803","Yuen Long Scenic Heights","Whole Block,HOUSE A9,House","1666","8283","13.8","4","3","Centaline Property Agency Limited","4 Bedrooms , 3 Bathrooms Apartment Carpark Include Powder Room"
"https://www.28hse.com/en/buy/apartment/property-4006769","Shatin Pictorial Garden","Mid Floor,ELEGANT COURT--BLOCK C","1119","12958","14.5","3","2","Century 21 Goodwin Property Consultants( Yue Chui Branch)","3 Bedrooms , 2 Bathrooms North west Apartment Chinachem River view Luxury"
"https://www.28hse.com/en/buy/apartment/property-4006755","North Point City Garden","Unit A,Low Floor,BLOCK 13","1049","15253","16","3","2","Ricacorp Properties","3 Bedrooms , 2 Bathrooms Apartment CK Asset"
"https://www.28hse.com/en/buy/apartment/property-4006741","Western Mid-levels Minerva House","Unit ST-28,Mid Floor,Minerva House","983","14242","14","4","2","Golden Stars Property","4 Bedrooms , 2 Bathrooms Stand-alone Building"
"https://www.28hse.com/en/buy/apartment/property-4006739","The Lohas Hemera","Unit RB,High Floor,TOWER 1","928","14310","13.28","4",,"Midland Realty International Limited","4 Bedrooms Apartment Henderson Elegant Good view Mountain view Sea view"
"https://www.28hse.com/en/buy/apartment/property-4006471","Yuen Long Seasons Monarch","Whole Block,KAM TIN ROAD","930","10538","9.8","3","3","Centaline Property","3 Bedrooms , 3 Bathrooms Apartment House CK Asset Maid bedroom Garden Roof top Whole floor"
"https://www.28hse.com/en/buy/apartment/property-4006530","Yuen Long Park Signature","Unit D,Low Floor,TOWER 1","956","8347","7.98","3","3","Centaline Property","3 Bedrooms , 3 Bathrooms South east Apartment New World"
"https://www.28hse.com/en/buy/apartment/property-4006579","Yuen Long Park Yoho","Unit A,Low Floor,TOWER 15B,PARK YOHO GENOVA","925","11222","10.38","3","2","Centaline Property","3 Bedrooms , 2 Bathrooms Apartment SHKP"
"https://www.28hse.com/en/buy/apartment/property-3974268","Ma On Shan Villa Athena","Mid Floor,BLOCK 1","906","1","12.8","3",,"Midland Realty","3 Bedrooms Apartment SHKP"
"https://www.28hse.com/en/buy/apartment/property-3978929","Causeway Bay Lei Shun Court","Full floor","970","8866","8.6","4","1","Guide Property Limited","4 Bedrooms , 1 Bathroom Stand-alone Building MTR nearby Shopping Mall nearby Good school zone"
"https://www.28hse.com/en/buy/apartment/property-3589162","Ho Man Tin Valiant Court","Low Floor,Valiant Court","1302","11137","14.5","4","2","Fu Wing Property Agency","4 Bedrooms , 2 Bathrooms East Stand-alone Building Simple"
"https://www.28hse.com/en/buy/apartment/property-4006176","Tin Hau Victoria Tower","Low Floor,Victoria Tower","932","17167","16","4","2","Lik Ka Property Consultant Company Limited","4 Bedrooms , 2 Bathrooms Apartment Elegant"
"https://www.28hse.com/en/buy/apartment/property-4006120","Yuen Long Crescent Green","Unit B,High Floor,Tower 3,Building","967","11375","11","3","2","Midland Realty","3 Bedrooms , 2 Bathrooms Apartment Road King Include Powder Room"
"https://www.28hse.com/en/buy/apartment/property-4006097","Tai Po Villa Castell","BLOCK 41,Villa Castell","915","9836","9","3",,"Centaline Property Agency Limited","3 Bedrooms Apartment Garden view Swimming Pool View Ensuite"
"https://www.28hse.com/en/buy/apartment/property-3973215","Tai Po Forest Hill","Unit PH-29B,Whole Block,House 29","1551","9220","14.3","3",,"Centaline Property Agency Limited","3 Bedrooms South Apartment Balcony Ensuite VR"
"https://www.28hse.com/en/buy/apartment/property-3985962","Tuen Mun Castle Peak Road Avignon","Low Floor,TOWER 11,大廈","1142","9457","10.8","4","2","Century 21 Sky On Properties","4 Bedrooms , 2 Bathrooms South Apartment SHKP Mountain view Garden view Good view Elegant Indoor Car Park Garden"
"https://www.28hse.com/en/buy/apartment/property-3984124","Tsuen Wan The Cairnhill","Low Floor,BLOCK 10,PHASE 1","931","11600","10.8","3","3","Centaline Property Agency Limited","3 Bedrooms , 3 Bathrooms North Apartment Garden view Good view Swimming Pool View Elegant Indoor Car Park Balcony Ensuite"
"https://www.28hse.com/en/buy/apartment/property-4005840","Yuen Long Casa Paradizo","Whole Block,HOUSE","1037","11090","11.5","3","3","Midland Realty International Limited","3 Bedrooms , 3 Bathrooms East Apartment Roof top Clubhouse Balcony Shopping Mall nearby MTR nearby Garden Elegant"
"https://www.28hse.com/en/buy/apartment/property-4005836","Hung Hom Royal Peninsula","Low Floor","958","15136","14.5","3",,"Sunrise Property Hk Agency Ltd","3 Bedrooms Apartment SHKP"
"https://www.28hse.com/en/buy/apartment/property-3963620","Yuen Long Palm Springs","Whole Block,Phase 1C (Westwood) Pinaceae","1367","10885","14.88","4","4","Midland Realty International Limited","4 Bedrooms , 4 Bathrooms East Apartment House River view Good view MTR nearby Garden Shopping Mall nearby Clubhouse"
"https://www.28hse.com/en/buy/apartment/property-3896636","North Point City Garden","Low Floor,BLOCK 7","1010","12455","12.58","3","2","Topstar Property","3 Bedrooms , 2 Bathrooms Apartment CK Asset Sea view Luxury Balcony Maid bedroom Clubhouse MTR nearby Shopping Mall nearby"
"https://www.28hse.com/en/buy/apartment/property-3869746","Clear Water Bay Mount Pavilia","Mid Floor,Tower 21","1162","13339","15.5","3","2","Ocean Realty","3 Bedrooms , 2 Bathrooms Apartment New World Ensuite Maid bedroom Clubhouse"
"https://www.28hse.com/en/buy/apartment/property-4005535","Yuen Long Scenic Heights","Whole Block,House","1666","8283","13.8","3",,"Midland Realty International Limited","3 Bedrooms West Apartment"
"https://www.28hse.com/en/buy/apartment/property-4005513","Ho Man Tin Valiant Court","Unit B,Low Floor,Valiant Court","1302","11137","14.5","3",,"Centaline Property","3 Bedrooms East Apartment VR"
"https://www.28hse.com/en/buy/apartment/property-4005487","Kowloon Tong Kowloon Tong Court","Unit A2,Mid Floor,Kowloon Tong Court","978","12270","12","3",,"Midland Realty","3 Bedrooms North Apartment"
"https://www.28hse.com/en/buy/apartment/property-4005469","The Lohas Le Prestige","Unit LD,High Floor,TOWER 5","972","11317","11","4",,"Midland Realty International Limited","4 Bedrooms Apartment CK Asset"
"https://www.28hse.com/en/buy/apartment/property-4005371","Kowloon Tong Fairyland Garden","Unit C,Low Floor,Fairyland Garden","1122","13369","15","3","2","Man Bridge Property","3 Bedrooms , 2 Bathrooms Apartment Carpark"
"https://www.28hse.com/en/buy/apartment/property-4005339","Kowloon Tong Grand Court","Unit D,Mid Floor,Grand Court","1004","11753","11.8","2","2","Midland Realty International Limited","2 Bedrooms , 2 Bathrooms North east Apartment"
"https://www.28hse.com/en/buy/apartment/property-4005304","Yau Tong Peninsula East","Low Floor,TOWER 1","931","13749","12.8","4","2","Honor Property Consultants Limited","4 Bedrooms , 2 Bathrooms South west Western Style Bldg Apartment Wheelock"
"https://www.28hse.com/en/buy/apartment/property-4005284","Kowloon Tong Crystal Mansion","Room C","922","17354","16","2",,"Centaline Property","2 Bedrooms North west Apartment Good view VR"
"https://www.28hse.com/en/buy/apartment/property-3136864","Tsim Sha Tsui Hanyee Building","Unit A,Mid Floor,Hanyee Building","1034","12089","12.5","5+",,"Century21 Linkage","5+ Bedrooms North east Apartment Western Style Bldg Elegant"
"https://www.28hse.com/en/buy/apartment/property-3727647","Tuen Mun Sun Fung Wai","House","1400","6429","9","4","3","Tin Chi Property Agency Limited","4 Bedrooms , 3 Bathrooms Apartment House Village House Indoor Car Park Luxury Duplex Apartment Maid bedroom MTR nearby Garden"
"https://www.28hse.com/en/buy/apartment/property-4005088","Yuen Long Casa Paradizo","Whole Block,HOUSE A13,HOUSE","1037","11090","11.5","3","2","Midland Realty","3 Bedrooms , 2 Bathrooms East Apartment Garden view Good view Elegant Outdoor Car Park"
"https://www.28hse.com/en/buy/apartment/property-3774870","Fotan The Grandville","Mid Floor,TOWER C,PHASE 1","922","13970","12.88","3","2","Century 21 Goodwin Property Cityone","3 Bedrooms , 2 Bathrooms Apartment Wing Tai Good view Elegant Indoor Car Park"
"https://www.28hse.com/en/buy/apartment/property-3955308","Fotan The Grandville","Low Floor,TOWER D,PHASE 1","922","13612","12.55","3","2","Century 21 Goodwin Property Cityone","3 Bedrooms , 2 Bathrooms Apartment Wing Tai Indoor Car Park Sole Agent"
"https://www.28hse.com/en/buy/apartment/property-3880436","Pak Shek Kok The Horizon","High Floor,Tower 2 Of Court B,Building","1071","11951","12.8","3","2","Century 21 Goodwin Property Cityone","3 Bedrooms , 2 Bathrooms Apartment Billion Dev Good view Elegant"
"https://www.28hse.com/en/buy/apartment/property-4005001","Yuen Long Casa Paradizo","House","1037","11090","11.5",,,"Hang Shun Real Estate Strategy Limited","House Simple"
"https://www.28hse.com/en/buy/apartment/property-3839805","Tai Po Village","House","2100","5943","12.48",,,"Village House Property Agency Limited","Apartment Village House House Mountain view Outdoor Car Park"
"https://www.28hse.com/en/buy/apartment/property-3840071","Ho Man Tin Oriental Gardens","Mid Floor,BLOCK A","984","14024","13.8","3","2","United Properties Limited","3 Bedrooms , 2 Bathrooms Apartment Luxury Ensuite MTR nearby Shopping Mall nearby Good school zone"
"https://www.28hse.com/en/buy/apartment/property-3813543","Sai Kung Village","Full floor","1620","6790","11","5+","4","Skypeak Property","5+ Bedrooms , 4 Bathrooms Village House Mountain view Garden view Good view Elegant Outdoor Car Park Garden Balcony Roof top"
"https://www.28hse.com/en/buy/apartment/property-3653245","Ho Man Tin Duchy Heights","Mid Floor,Duchy Heights","989","12012","11.88","3","2","Sirius Property Cc Company Limited","3 Bedrooms , 2 Bathrooms Western Style Bldg Stand-alone Building Balcony MTR nearby Shopping Mall nearby Good school zone"
"https://www.28hse.com/en/buy/apartment/property-4004825","Yuen Long Seasons Palace","House","928","11315","10.5","4","3","Li Wa Property Agency Company Limited","4 Bedrooms , 3 Bathrooms Apartment House CK Asset Elegant Outdoor Car Park"
"https://www.28hse.com/en/buy/apartment/property-4004794","Tai Po The Balmoral","Unit ST-WINDSOR,Mid Floor,TOWER 3","976","11475","11.2","3","2","Centaline Property","3 Bedrooms , 2 Bathrooms Apartment Sino Indoor Car Park Garden view Ensuite Balcony Clubhouse Maid bedroom"
"https://www.28hse.com/en/buy/apartment/property-3842615","Tai Po Mont Vert","High Floor,TOWER 7,PHASE I","935","10246","9.58","4","2","Century 21 Deluxe Home Property Ltd","4 Bedrooms , 2 Bathrooms Apartment CK Asset Mountain view Good view"
"https://www.28hse.com/en/buy/apartment/property-3600665","Ho Man Tin Tip Top Mansion","High Floor,Tip Top Mansion","1346","10773","14.5","3","3","Century21 I-home Property Consultant","3 Bedrooms , 3 Bathrooms South east Stand-alone Building Good view City view Elegant Indoor Car Park"
"https://www.28hse.com/en/buy/apartment/property-4004752","Yuen Long Palm Springs","Whole Block,Phase 1C (Westwood) Orchid","1377","8860","12.2","3","3","Midland Reality","3 Bedrooms , 3 Bathrooms South House Apartment"
"https://www.28hse.com/en/buy/apartment/property-3738026","Tai Po Casa Marina","Whole Block,CASA MARINA II","1425","10386","14.8","3","2","Century 21 Deluxe Home Property Ltd","3 Bedrooms , 2 Bathrooms Apartment Henderson Indoor Car Park"
"https://www.28hse.com/en/buy/apartment/property-4004746","Yuen Long Palm Springs","Whole Block,Phase 1C (Westwood) Pinaceae","1016","13760","13.98","3",,"Midland Reality","3 Bedrooms East Apartment"
"https://www.28hse.com/en/buy/apartment/property-3902968","Pak Shek Kok Providence Bay","Mid Floor,TOWER 2,大廈","1097","11851","13","3","2","Century 21 Property Agency (pak Shek Kok) Limited","3 Bedrooms , 2 Bathrooms Apartment Sino Garden view Swimming Pool View Elegant Balcony"
"https://www.28hse.com/en/buy/apartment/property-4004743","Yuen Long Palm Springs","Whole Block,Phase 1C (Westwood) Michelia","1377","10022","13.8","3","3","Midland Reality","3 Bedrooms , 3 Bathrooms South Apartment House"
"https://www.28hse.com/en/buy/apartment/property-3903001","Pak Shek Kok The Graces Providence Bay","Mid Floor,TOWER 6,BUILDING","1083","12909","13.98","3","2","Century 21 Property Agency (pak Shek Kok) Limited","3 Bedrooms , 2 Bathrooms Apartment Sino Good view Sea view Simple Balcony"
"https://www.28hse.com/en/buy/apartment/property-4004685","Yau Tong Peninsula East","Unit A,Low Floor,TOWER 1","931","13749","12.8","3","2","Ricacorp","3 Bedrooms , 2 Bathrooms East Apartment Wheelock Good view"
"https://www.28hse.com/en/buy/apartment/property-4004601","Yuen Long Rolling Hills","18","1431","8372","11.98","3","4","Midland Realty","3 Bedrooms , 4 Bathrooms South Apartment House Good view Simple Indoor Car Park"
"https://www.28hse.com/en/buy/apartment/property-3954111","Fotan The Grandville","Unit B,Low Floor,TOWER D,PHASE 1","922","13666","12.6","3","3","Century 21 Links Properties Agency","3 Bedrooms , 3 Bathrooms Apartment Wing Tai Indoor Car Park Simple Good view City view Mountain view Garden view"
"https://www.28hse.com/en/buy/apartment/property-3994481","Sheung Shui Eden Garden","- seat","1077","9099","9.8","3",,"Midland Realty International Limited","3 Bedrooms Apartment"
"https://www.28hse.com/en/buy/apartment/property-4004381","Yau Yat Tsuen Tat Chee Avenue","The Road to Success","935","12834","12","2","2","Centaline Property Agency Limited","2 Bedrooms , 2 Bathrooms Apartment Indoor Car Park Elegant Good view Maid bedroom MTR nearby Shopping Mall nearby"
"https://www.28hse.com/en/buy/apartment/property-4004301","Ho Man Tin Ellery Terrace","Low Floor,Ellery Terrace","949","15047","14.28","4","2","Jet Success Properties Limited","4 Bedrooms , 2 Bathrooms West Apartment Stand-alone Building China Overseas City view Luxury Maid bedroom Clubhouse MTR nearby"
"https://www.28hse.com/en/buy/apartment/property-4004178","Ho Man Tin Ellery Terrace","Low Floor,Ellery Terrace","949","15047","14.28","3","2","Huicheng Property Company Limited","3 Bedrooms , 2 Bathrooms Stand-alone Building Western Style Bldg China Overseas Good school zone Ensuite Clubhouse Luxury City view Good view"
"https://www.28hse.com/en/buy/apartment/property-3964427","Causeway Bay Waldorf Mansion","Unit A,Low Floor,Waldorf Mansion","1173","8184","9.6","3","3","Richland Realty Consultants Ltd(johnston Road Branch)","3 Bedrooms , 3 Bathrooms Apartment Elegant"
"https://www.28hse.com/en/buy/apartment/property-3941644","Yuen Long Village","Full floor","900","14222","12.8",,,"Hang Shun Real Estate Strategy Limited","Village House Good view"
"https://www.28hse.com/en/buy/apartment/property-4004061","Ma On Shan Symphony Bay","Mid Floor,BLOCK 15,VILLA RHAPSODY","1326","11689","15.5","4","2","Century 21 Goodwin Property Oceanaire","4 Bedrooms , 2 Bathrooms Apartment SHKP Garden view Good view Swimming Pool View Indoor Car Park Ensuite Maid bedroom Clubhouse"
"https://www.28hse.com/en/buy/apartment/property-4003935","Kowloon City Billionnaire Royale","A","1055","13251","13.98","3","3","Kai Sing Property Agency","3 Bedrooms , 3 Bathrooms South east Apartment Chinachem"
"https://www.28hse.com/en/buy/apartment/property-3997406","Tai Po Mont Vert","Mid Floor,TOWER 9,PHASE I","905","10365","9.38","3","3","Century 21 Deluxe Home Property Ltd","3 Bedrooms , 3 Bathrooms Apartment CK Asset"
"https://www.28hse.com/en/buy/apartment/property-4003804","Tai Wo Parc Versailles","High Floor,BLOCK 22,PARC VERSAILLES II","1001","13786","13.8","3",,"Centaline Property","3 Bedrooms South Apartment Hang Lung Indoor Car Park Roof top"
"https://www.28hse.com/en/buy/apartment/property-4003780","The Lohas Lp6","Unit B,Low Floor,TOWER 1 LP6","1086","14733","16","4","4","Midland Realty International Limited","4 Bedrooms , 4 Bathrooms South west Apartment Nan Fung"
"https://www.28hse.com/en/buy/apartment/property-4003768","Tuen Mun Castle Peak Road Beaulieu Peninsula","High Floor,HOUSE 69,3-STOREY HOUSE","1072","9216","9.88","4","3","Earnest Property Agency Ltd","4 Bedrooms , 3 Bathrooms South Apartment Sea view Indoor Car Park Balcony Maid bedroom Ensuite VR"
"https://www.28hse.com/en/buy/apartment/property-3922133","Ho Man Tin Duchy Heights","Unit C,Mid Floor,Duchy Heights","989","12336","12.2","3","2","Sky Win Property Agency Limited","3 Bedrooms , 2 Bathrooms Apartment Western Style Bldg Elegant"
"https://www.28hse.com/en/buy/apartment/property-4003757","Tung Chung The Visionary","Low Floor,TOWER 2,BUILDING","1035","10435","10.8","4","3","Tung Chung Property Agency Limited","4 Bedrooms , 3 Bathrooms North east Apartment Nan Fung Good view"
"https://www.28hse.com/en/buy/apartment/property-4003735","Tai Po Richwood Park","Unit A,High Floor,BLOCK 13,BUILDING","1109","11722","13","4","2","Ricacorp Properties","4 Bedrooms , 2 Bathrooms Apartment Good view Sea view Roof top Terrace Ensuite Maid bedroom"
"https://www.28hse.com/en/buy/apartment/property-4003721","Hung Shui Kiu Meadowlands","High Floor,BLOCK 33","972","7407","7.2","3","2","Centaline Property","3 Bedrooms , 2 Bathrooms North east Apartment VR"
"https://www.28hse.com/en/buy/apartment/property-4003670","Tai Po Forest Hill","Unit PH-35B,Whole Block,House 35","1379","10515","14.5","2",,"Centaline Property Agency Limited","2 Bedrooms Apartment Roof top Indoor Car Park Luxury Mountain view"
"https://www.28hse.com/en/buy/apartment/property-4003662","Tuen Mun Castle Peak Road Beaulieu Peninsula","House","1072","9216","9.88","3","2","Century 21 Sky On Properties","3 Bedrooms , 2 Bathrooms Apartment House Good view Sea view Elegant"
"https://www.28hse.com/en/buy/apartment/property-3956142","Tsim Sha Tsui Champagne Court","4-minute walk from Tsim Sha Tsui Station","1026","10526","10.8","2","2","Elite Union Property (prince Edward) Limited","2 Bedrooms , 2 Bathrooms Western Style Bldg Building view Good view Shopping Mall nearby MTR nearby"
"https://www.28hse.com/en/buy/apartment/property-4002614","Kowloon Tong Avon Court","Unit D,Mid Floor,Avon Court","926","15097","13.98","3","2","Midland Realty International Limited","3 Bedrooms , 2 Bathrooms East Apartment Good view VR"
"https://www.28hse.com/en/buy/apartment/property-4002611","Tin Hau Victoria Tower","Low Floor,Victoria Tower","932","17167","16","3","2","Lik Ka Property Consultant Company Limited","3 Bedrooms , 2 Bathrooms Apartment Elegant Balcony Ensuite Maid bedroom MTR nearby Shopping Mall nearby Good school zone"
"https://www.28hse.com/en/buy/apartment/property-4002604","Shatin Mount Arcadia","Unit F,Mid Floor,Tower 1,Building","1019","15702","16","3",,"Centaline Property Agency Limited","3 Bedrooms Apartment Far East"
"https://www.28hse.com/en/buy/apartment/property-3792002","Yuen Long Village","Full floor","1950","7436","14.5",,,"Hang Shun Real Estate Strategy Limited","Village House Garden view Good view"
"https://www.28hse.com/en/buy/apartment/property-4002305","Yuen Long Casa Paradizo","Whole Block,HOUSE","1037","11090","11.5","3","4","Midland Realty","3 Bedrooms , 4 Bathrooms East Apartment Simple Indoor Car Park"
"https://www.28hse.com/en/buy/apartment/property-3989041","Yuen Long Fairview Park","Whole Block,ZONE A","915","12022","11","3","2","Ricacorp Properties","3 Bedrooms , 2 Bathrooms House"
"https://www.28hse.com/en/buy/apartment/property-4001181","Yuen Long Palm Springs","Whole Block,Phase 1A (Monterey) Cypress Drive","967","10838","10.48","3","2","Ricacorp Properties","3 Bedrooms , 2 Bathrooms House Apartment Elegant"
"https://www.28hse.com/en/buy/apartment/property-4001930","Yau Yat Tsuen Caldecott Hill","Low Floor,TOWER 2","990","12626","12.5","3","2","Hung Fat Property Agency","3 Bedrooms , 2 Bathrooms Apartment New World Luxury Mountain view Good view Clubhouse Balcony"
"https://www.28hse.com/en/buy/apartment/property-3982234","North Point City Garden","Unit E,High Floor,BLOCK 10","1012","14822","15","3","2","Century 21 Sunrise Property Agency Limited","3 Bedrooms , 2 Bathrooms Apartment CK Asset Sea view"
"https://www.28hse.com/en/buy/apartment/property-3078949","Shatin Village","House","1200","4167","5","5+",,"Village House Property Agency Limited","5+ Bedrooms Apartment Village House House Good view Garden Roof top Duplex Apartment MTR nearby Shopping Mall nearby"
"https://www.28hse.com/en/buy/apartment/property-4001755","Yuen Long Grand Yoho","Unit F,Mid Floor,TOWER 8,PHASE 2","907","17641","16","4",,"Centaline Property","4 Bedrooms East Apartment SHKP Mountain view Good view City view MTR nearby Maid bedroom Balcony"
"https://www.28hse.com/en/buy/apartment/property-4001740","Kowloon Tong Jumbo Court","Unit C,Mid Floor,Jumbo Court","906","13797","12.5","3","2","Midland Realty International Limited","3 Bedrooms , 2 Bathrooms Apartment"
"https://www.28hse.com/en/buy/apartment/property-3994196","Shatin Pictorial Garden","Unit C,Mid Floor,ELEGANT COURT--BLOCK C","1119","12690","14.2","4","3","Shing Sai Property","4 Bedrooms , 3 Bathrooms North west Apartment Chinachem Garden view River view Luxury Balcony Ensuite Maid bedroom"
"https://www.28hse.com/en/buy/apartment/property-3815659","Shatin Belair Gardens","Mid Floor,KINGSTON HEIGHTS--BLOCK K","1093","8582","9.38","3","2","Shing Sai Property","3 Bedrooms , 2 Bathrooms North east Apartment Chinachem Garden view River view Elegant"
"https://www.28hse.com/en/buy/apartment/property-3607875","Tai Po Constellation Cove","Unit B,High Floor,Block 1,Building","1098","12295","13.5","3","2","Century 21 Deluxe Home Property Ltd","3 Bedrooms , 2 Bathrooms Apartment Kerry Mountain view Garden view Swimming Pool View"
"https://www.28hse.com/en/buy/apartment/property-3468230","Tai Po The Beverly Hills","Whole Block,BOULEVARD DE FORET","1606","8643","13.88","5+","2","Century 21 Deluxe Home Property Ltd","5+ Bedrooms , 2 Bathrooms Apartment Elegant Indoor Car Park"
"https://www.28hse.com/en/buy/apartment/property-3965825","Ho Man Tin Wing Ying Mansion","13","996","12550","12.5","4","2","Main Way Property","4 Bedrooms , 2 Bathrooms Western Style Bldg"
"https://www.28hse.com/en/buy/apartment/property-4001597","Yuen Long Seasons Monarch","Whole Block,KAM TIN ROAD","970","12577","12.2","3",,"Centaline Property","3 Bedrooms Apartment CK Asset Clubhouse Garden Roof top Ensuite Good view Mountain view Elegant"
"https://www.28hse.com/en/buy/apartment/property-4001331","Tsuen Wan Sham Tseng Hong Kong Garden","High Floor,BLOCK 15,PHASE 3","935","7465","6.98","3","2","Centaline Property","3 Bedrooms , 2 Bathrooms South Apartment Chinachem Elegant Sole Agent"
"https://www.28hse.com/en/buy/apartment/property-4001280","Tai Po Constellation Cove","Unit A,Low Floor,Block 10,Building","1141","11218","12.8","3",,"Midland Realty International Limited","3 Bedrooms East Apartment Kerry"
"https://www.28hse.com/en/buy/apartment/property-4001244","Tai Wo Parc Versailles","Unit C,High Floor,BLOCK 12,PARC VERSAILLES I","1012","11858","12","3","2","Ricacorp Properties","3 Bedrooms , 2 Bathrooms Apartment Hang Lung Mountain view Indoor Car Park Roof top"
"https://www.28hse.com/en/buy/apartment/property-3956952","Ho Man Tin Kowloon Tong Mansion","Low Floor,Kowloon Tong Mansion","1074","12104","13","3","2","Sirius Property Cc Company Limited","3 Bedrooms , 2 Bathrooms South west Western Style Bldg Stand-alone Building Elegant Indoor Car Park"
"https://www.28hse.com/en/buy/apartment/property-4001126","Tai Wo Parc Versailles","Unit B,Low Floor,BLOCK 33,PARC VERSAILLES II","989","11122","11","3","2","Ricacorp Properties","3 Bedrooms , 2 Bathrooms Apartment Hang Lung Garden view Elegant Indoor Car Park"
"https://www.28hse.com/en/buy/apartment/property-4001079","Tai Po Wong Yu Tan Vllage","Full floor","1400","7714","10.8",,,"Best Reality Limited","Village House Mountain view"
"https://www.28hse.com/en/buy/apartment/property-4000981","Yuen Long Palm Springs","Whole Block,Phase 1C (Westwood) Cherry","1371","10212","14","3","2","Midland Realty","3 Bedrooms , 2 Bathrooms South Apartment Duplex Apartment Roof top Garden Maid bedroom Ensuite Terrace Indoor Car Park"
"https://www.28hse.com/en/buy/apartment/property-4000961","Ma On Shan Symphony Bay","Unit A,Mid Floor,BLOCK 1,VILLA RHAPSODY","1086","10129","11","3","2","Century 21 Goodwin Property Consultants-ma On Shan Branch","3 Bedrooms , 2 Bathrooms North Apartment SHKP Elegant Ensuite Maid bedroom Clubhouse"
"https://www.28hse.com/en/buy/apartment/property-4000944","Yuen Long Palm Springs","Whole Block,NO. 2 CAMELIA PATH,Phase 1C (Westwood) Camelia","980","12347","12.1","3",,"Midland Realty","3 Bedrooms North east Apartment Garden Balcony Ensuite Duplex Apartment Roof top Good view Indoor Car Park"
"https://www.28hse.com/en/buy/apartment/property-4000828","Yuen Long Palm Springs","Whole Block,Phase 1C (Westwood) Gmelina","1377","9441","13","3","2","Midland Realty","3 Bedrooms , 2 Bathrooms North west Apartment Indoor Car Park Garden Ensuite Maid bedroom Duplex Apartment Roof top Clubhouse"
"https://www.28hse.com/en/buy/apartment/property-4000768","Yuen Long Royal Palms","Whole Block,ANGEL ISLAND AVENUE","1495","10702","16","3","2","Midland Realty","3 Bedrooms , 2 Bathrooms North Apartment SHKP Simple Maid bedroom Balcony Roof top Ensuite Garden"
"https://www.28hse.com/en/buy/apartment/property-3995430","North Point Comfort Gardens","Unit C,Mid Floor,BLOCK A","1003","13958","14","3","2","Ricacorp Properties","3 Bedrooms , 2 Bathrooms Apartment Elegant"
"https://www.28hse.com/en/buy/apartment/property-3984725","Yuen Long Park Yoho","Unit B,High Floor,TOWER 35A,PARK YOHO MILANO","982","15886","15.6","3","3","Ricacorp Properties","3 Bedrooms , 3 Bathrooms North Apartment SHKP"
"https://www.28hse.com/en/buy/apartment/property-3989477","Tai Wai Hill Paramount","Unit C,High Floor,BLOCK 1,BUILDING","1131","14147","16","3",,"Midland Realty","3 Bedrooms South east Apartment Henderson"
"https://www.28hse.com/en/buy/apartment/property-3985561","Yuen Long Fairview Park","Whole Block,NO. 25 RIVER NORTH 8TH STREET ,ZONE O","1035","11884","12.3","3","2","Midland Realty International Limited","3 Bedrooms , 2 Bathrooms North east House Apartment Elegant Indoor Car Park Include Powder Room"
"https://www.28hse.com/en/buy/apartment/property-3972141","Yuen Long Crescent Green","Unit B,High Floor,Tower 3,Building","967","11375","11","3","3","Midland Realty International Limited","3 Bedrooms , 3 Bathrooms Apartment Road King Luxury"
"https://www.28hse.com/en/buy/apartment/property-3978158","Yuen Long Fairview Park","Whole Block,ZONE A","915","12022","11","3","2","Midland Realty International Limited","3 Bedrooms , 2 Bathrooms Apartment Mountain view Good view River view"
"https://www.28hse.com/en/buy/apartment/property-3962574","Pak Shek Kok Mayfair By The Sea 8","Low Floor,Tower 2","1008","15079","15.2","4","3","Midland Realty","4 Bedrooms , 3 Bathrooms Apartment Sino Garden view Sea view Elegant Balcony Ensuite Maid bedroom Clubhouse"
"https://www.28hse.com/en/buy/apartment/property-4000312","Yau Yat Tsuen Beacon Heights","Unit B,Mid Floor,BLOCK 12","1312","12195","16","3","2","Century21 I-home Property Consultant","3 Bedrooms , 2 Bathrooms South Apartment Good view City view Elegant Balcony Ensuite Maid bedroom Clubhouse"
"https://www.28hse.com/en/buy/apartment/property-4000213","Tsuen Wan The Cliveden","Unit A,High Floor,BLOCK 7","1107","11292","12.5",,,"Midland Realty International Limited","South east Apartment"
"https://www.28hse.com/en/buy/apartment/property-4000161","Clear Water Bay 14 Hang Hau Wing Lung Road","8","1400","10571","14.8","3","3","Goman Properties Ltd","3 Bedrooms , 3 Bathrooms Village House Outdoor Car Park Elegant Duplex Apartment Garden Balcony Ensuite Mountain view Good view"
"https://www.28hse.com/en/buy/apartment/property-4000159","Clear Water Bay 14 Hang Hau Wing Lung Road","8","1400","10571","14.8","3","3","Goman Properties Ltd","3 Bedrooms , 3 Bathrooms Village House Good view Mountain view Elegant Balcony Ensuite Garden Duplex Apartment Outdoor Car Park"
"https://www.28hse.com/en/buy/apartment/property-3969759","Hung Shui Kiu Uptown","Unit F,Mid Floor,TOWER 7,BUILDING","901","8324","7.5","4","2","Tin Chi Property Agency Limited","4 Bedrooms , 2 Bathrooms South west Apartment CK Asset Garden view City view Elegant"
"https://www.28hse.com/en/buy/apartment/property-4000088","The Lohas La Splendeur Of Le Prestige","Low Floor,TOWER 9","995","10432","10.38","4","2","Homewise Properties Limited","4 Bedrooms , 2 Bathrooms Apartment CK Asset Mountain view Good view Balcony Maid bedroom Clubhouse MTR nearby Shopping Mall nearby"
"https://www.28hse.com/en/buy/apartment/property-3989158","Tai Po The Paramount","Unit A,High Floor,Block 10","928","11638","10.8","3","2","Century 21 Deluxe Home Property Ltd","3 Bedrooms , 2 Bathrooms Apartment CK Asset Mountain view Swimming Pool View Indoor Car Park"
"https://www.28hse.com/en/buy/apartment/property-3982372","Tai Po Savanna Garden","Unit A,Mid Floor,BLOCK 49,BUILDING","962","9148","8.8","3","2","Century 21 Deluxe Home Property Ltd","3 Bedrooms , 2 Bathrooms Apartment Mountain view Elegant Indoor Car Park"
"https://www.28hse.com/en/buy/apartment/property-3979483","Sheung Shui Miami Crescent","Whole Block,HOUSE","1795","8134","14.6","4",,"Centaline Property","4 Bedrooms South west Apartment"
"https://www.28hse.com/en/buy/apartment/property-3999371","Tai Po Villa Castell","BLOCK 41,Villa Castell","915","9836","9","3","2","Midland Realty","3 Bedrooms , 2 Bathrooms South Apartment Garden view Swimming Pool View Indoor Car Park Ensuite Clubhouse"
"https://www.28hse.com/en/buy/apartment/property-3964765","Shatin Dragons Range","Unit A,Mid Floor,TOWER 1,COURT B","961","15401","14.8","3","2","Centaline Property Agency Limited","3 Bedrooms , 2 Bathrooms South Apartment Kerry Elegant Maid bedroom Clubhouse Balcony Good view Mountain view VR"
"https://www.28hse.com/en/buy/apartment/property-3999140","Tseung Kwan O Oscar By The Sea","Unit A,Mid Floor,BLOCK 1","1040","13346","13.88","4","2","Midland Realty International Limited","4 Bedrooms , 2 Bathrooms South Apartment SHKP Good view Sea view Include Powder Room"
"https://www.28hse.com/en/buy/apartment/property-3999102","Tsuen Wan Sham Tseng Bellagio","Unit B,Low Floor,TOWER 2","935","13048","12.2","3",,"Midland Realty","3 Bedrooms Apartment Wheelock"
"https://www.28hse.com/en/buy/apartment/property-3999067","Shatin Lakeview Garden","Unit C,Mid Floor,TOWER 2,BUILDING","1017","9341","9.5","2","2","Centaline Property Agency Limited","2 Bedrooms , 2 Bathrooms Apartment Nan Fung Swimming Pool View Good view Mountain view Elegant Shopping Mall nearby Ensuite Good school zone VR"
"https://www.28hse.com/en/buy/apartment/property-3999056","Shatin Lakeview Garden","Unit A,Mid Floor,TOWER 1,BUILDING","1017","9735","9.9","3","2","Centaline Property Agency Limited","3 Bedrooms , 2 Bathrooms South east Apartment Nan Fung City view Mountain view Ensuite Clubhouse Shopping Mall nearby MTR nearby VR"
"https://www.28hse.com/en/buy/apartment/property-3999012","Shatin Lakeview Garden","Unit C,Mid Floor,TOWER 5,BUILDING","1017","9833","10","3","2","Centaline Property Agency Limited","3 Bedrooms , 2 Bathrooms Apartment Nan Fung Elegant Shopping Mall nearby Ensuite Maid bedroom Balcony MTR nearby Clubhouse VR"
"https://www.28hse.com/en/buy/apartment/property-3999006","North Point City Garden","High Floor,BLOCK 10","1012","14625","14.8","3","2","Sunrise Property Agency Limited","3 Bedrooms , 2 Bathrooms Apartment CK Asset Good view Sea view Luxury"
"https://www.28hse.com/en/buy/apartment/property-3948196","North Point Mid Kent Mansion","Low Floor,Kent Mansion","962","10790","10.38","3","2","Lik Ka Property Consultant Company Limited","3 Bedrooms , 2 Bathrooms Apartment Ensuite Maid bedroom MTR nearby Good school zone"
"https://www.28hse.com/en/buy/apartment/property-3998885","Kwun Tong Park Metropolitan","Unit A,Mid Floor,Park Metropolitan","922","16052","14.8","3","2","G.go Realty","3 Bedrooms , 2 Bathrooms North west Apartment Sino"
"https://www.28hse.com/en/buy/apartment/property-3987937","Kowloon Tong Nga Yuen Building","Unit ST-5,Low Floor,Nga Yuen Building","1089","13113","14.28","3","2","Midland Realty International Limited","3 Bedrooms , 2 Bathrooms North Apartment"
"https://www.28hse.com/en/buy/apartment/property-3998756","Tseung Kwan O Oscar By The Sea","Unit A,Mid Floor,BLOCK 1","1040","13346","13.88","4",,"Midland Realty International Limited","4 Bedrooms South Apartment SHKP"
"https://www.28hse.com/en/buy/apartment/property-3998432","Hung Shui Kiu Ka On Garden","Low Floor,BLOCK 1","1609","5531","8.9","3",,"Centaline Property Agency Limited","3 Bedrooms Apartment Good view MTR nearby Good school zone Maid bedroom Ensuite Luxury"
"https://www.28hse.com/en/buy/apartment/property-3998415","Ho Man Tin Harita Court","Unit ST-197,Low Floor,Harita Court","938","13326","12.5","3","2","Midland Realty International Limited","3 Bedrooms , 2 Bathrooms North west Stand-alone Building Good view Outdoor Car Park Simple Good school zone Balcony Ensuite MTR nearby VR"
"https://www.28hse.com/en/buy/apartment/property-3998412","Ho Man Tin Perth Apartments","Unit D,Low Floor,BLOCK B1","1195","12552","15","3","2","Midland Realty International Limited","3 Bedrooms , 2 Bathrooms North west Apartment Clubhouse Ensuite Good school zone Maid bedroom Indoor Car Park"
"https://www.28hse.com/en/buy/apartment/property-3996753","Tai Po Tolo Ridge","Mid Floor,BLOCK B","1223","9812","12","3","3","Century 21 Property Agency (pak Shek Kok) Limited","3 Bedrooms , 3 Bathrooms North east Apartment Indoor Car Park Elegant Maid bedroom Clubhouse Ensuite Good school zone"
"https://www.28hse.com/en/buy/apartment/property-3998366","Sham Shui Po Chinese Mansion","2","1700","4588","7.8","5+","5+","Sing Tat Property","5+ Bedrooms , 5+ Bathrooms Tong Lau Good school zone Shopping Mall nearby Whole floor MTR nearby Elegant City view Good view Building view"
"https://www.28hse.com/en/buy/apartment/property-3998240","Tuen Mun Castle Peak Road Palm Beach","Unit B,Mid Floor,TOWER 2","1601","7183","11.5","4","2","Aa Property Auctioneers Ltd.","4 Bedrooms , 2 Bathrooms Apartment Good view Sea view Swimming Pool View Indoor Car Park Maid bedroom Duplex Apartment Sole Agent"
"https://www.28hse.com/en/buy/apartment/property-3952717","Ho Man Tin Harita Court","Low Floor,Harita Court","938","13326","12.5","3","2","Elite Union Porperty (prince Edward) Limited","3 Bedrooms , 2 Bathrooms Stand-alone Building"
"https://www.28hse.com/en/buy/apartment/property-3837586","Tai Po Village",".","1400","7714","10.8","5+","3","Oriental Property Agency","5+ Bedrooms , 3 Bathrooms North west Apartment Village House Garden view Building view Elegant Indoor Car Park Garden Balcony"
"https://www.28hse.com/en/buy/apartment/property-3997943","Tai Po The Paragon","High Floor,BLOCK 12","1109","9829","10.9","3","2","Midland Realty International Limited","3 Bedrooms , 2 Bathrooms Apartment Good view Swimming Pool View Balcony Ensuite Maid bedroom Clubhouse Include Powder Room"
"https://www.28hse.com/en/buy/apartment/property-3997855","Tai Po The Paramount","High Floor,Block 10","928","11315","10.5","3","2","Century 21 Deluxe Home Property Ltd","3 Bedrooms , 2 Bathrooms Apartment CK Asset Elegant"
"https://www.28hse.com/en/buy/apartment/property-3798489","South Lantau Island Shui Hai Village","Full floor","2100","4048","8.5","5+","3","Four Seasons Property Agency (lantau) Ltd","5+ Bedrooms , 3 Bathrooms South east Village House Mountain view Good view Simple"
"https://www.28hse.com/en/buy/apartment/property-2612931","South Lantau Island Village","Changsha","2100","6095","12.8","4","4","Four Seasons Property Agency (lantau) Ltd","4 Bedrooms , 4 Bathrooms Village House Mountain view Good view Luxury Balcony Roof top Ensuite Maid bedroom"
"https://www.28hse.com/en/buy/apartment/property-3961636","Tseung Kwan O Oscar By The Sea","Unit A,Mid Floor,BLOCK 1","1040","13346","13.88","4","2","Midland Realty","4 Bedrooms , 2 Bathrooms South Apartment SHKP Sea view"
"https://www.28hse.com/en/buy/apartment/property-3997551","Ho Man Tin Tip Top Mansion","Unit A,High Floor,Tip Top Mansion","1346","10773","14.5","3",,"Centaline","3 Bedrooms Apartment Carpark VR"
"https://www.28hse.com/en/buy/apartment/property-3997538","Hung Shui Kiu Hong Ping Villa","House","1097","8095","8.88",,,"Hang Shun Real Estate Strategy Limited","House"
"https://www.28hse.com/en/buy/apartment/property-3997498","Hung Shui Kiu Hong Ping Villa","House","926","8855","8.2",,,"Hang Shun Real Estate Strategy Limited","House"
"https://www.28hse.com/en/buy/apartment/property-3997470","Tai Po Mont Vert","Unit B,Low Floor,TOWER 5,PHASE I","932","9828","9.16","4","3","Century 21 Deluxe Home Property Ltd","4 Bedrooms , 3 Bathrooms Apartment CK Asset Simple"
"https://www.28hse.com/en/buy/apartment/property-3997283","Yuen Long Riva","High Floor,TOWER 1,HELORUS BOULEVARD","1294","11592","15","4","3","Midland Realty International Limited","4 Bedrooms , 3 Bathrooms South east Apartment Elegant Good view Garden view Clubhouse MTR nearby Shopping Mall nearby Balcony"
"https://www.28hse.com/en/buy/apartment/property-3997252","Tin Shui Wai Kingswood Villas","High Floor,BLOCK 10,KENSWOOD","1097","9098","9.98","5+","2","斯龍地產","5+ Bedrooms , 2 Bathrooms North Apartment CK Asset Sole Agent"
"https://www.28hse.com/en/buy/apartment/property-3997199","Tai Po Village","The whole building","2100","6095","12.8","5+","4","Oriental Property Estate Agency","5+ Bedrooms , 4 Bathrooms Village House Good view Sea view Elegant Outdoor Car Park Garden Balcony Roof top Ensuite"
"https://www.28hse.com/en/buy/apartment/property-3784888","Yau Yat Tsuen Monte Carlton","Unit A,High Floor,BLOCK 6","1073","10252","11","3","2","United Properties Limited","3 Bedrooms , 2 Bathrooms South Apartment Stand-alone Building New World Good view City view Elegant Indoor Car Park With tenant agreement"
"https://www.28hse.com/en/buy/apartment/property-3997183","Yuen Long Palm Springs","Whole Block,Phase 1A (Monterey) Begonia Path","1014","11124","11.28","3","3","Midland Realty International Limited","3 Bedrooms , 3 Bathrooms South east Apartment Outdoor Car Park Elegant Good view Garden view Sole Agent"
"https://www.28hse.com/en/buy/apartment/property-3997144","Tuen Mun Castle Peak Road Royal Cove","Mid Floor,Royal Cove,Building","1329","10519","13.98","3",,"Centaline Property Agency Limited","3 Bedrooms South west Apartment Wah Yip"
"https://www.28hse.com/en/buy/apartment/property-3997117","Sheung Shui Woodland Crest","Unit F,Low Floor,BLOCK 6","927","9709","9","3",,"Midland Realty International Limited","3 Bedrooms North west Apartment SHKP"
"https://www.28hse.com/en/buy/apartment/property-3997105","Sheung Shui Woodland Crest","Unit B,Mid Floor,BLOCK 6","942","8471","7.98","3",,"Midland Realty International Limited","3 Bedrooms South Apartment SHKP"
"https://www.28hse.com/en/buy/apartment/property-3997060","Ma On Shan Symphony Bay","Unit B,Mid Floor,BLOCK 15,VILLA RHAPSODY","1326","11689","15.5","4","3","Midland Realty","4 Bedrooms , 3 Bathrooms North west Apartment SHKP Include Powder Room"
"https://www.28hse.com/en/buy/apartment/property-3930501","Tsuen Wan City Point","Unit A,High Floor,BLOCK 1","902","16075","14.5",,,"Fast Property Agency Limited","Apartment CK Asset Balcony Clubhouse"
"https://www.28hse.com/en/buy/apartment/property-3972354","Tuen Mun Castle Peak Road Palm Beach","Mid Floor,TOWER 2","1601","9369","15","4","2","Century 21 Sky On Properties","4 Bedrooms , 2 Bathrooms South east Apartment Good view Sea view Elegant Indoor Car Park Ensuite Duplex Apartment Clubhouse"
"https://www.28hse.com/en/buy/apartment/property-3899591","Yuen Long Village","House","1560","8654","13.5","5+","3","Kin Fu Realty","5+ Bedrooms , 3 Bathrooms Village House House Roof top MTR nearby Elegant"
"https://www.28hse.com/en/buy/apartment/property-3878433","Yuen Long Village","House","1400","6786","9.5","3","3","Kin Fu Realty","3 Bedrooms , 3 Bathrooms Apartment Village House House Duplex Apartment Roof top Garden Outdoor Car Park Sole Agent"
"https://www.28hse.com/en/buy/apartment/property-3996878","Shatin Dragons Range","Mid Floor,TOWER 1,COURT C","958","13831","13.25","3","2","Century 21 Goodwin Property Cityone 2 Branch","3 Bedrooms , 2 Bathrooms North west Apartment Kerry Simple"
"https://www.28hse.com/en/buy/apartment/property-3996780","Sheung Shui Hang Tau Kwu Tung","A","1650","3636","6","5+","4","Beke Property Agency (hk) Limited","5+ Bedrooms , 4 Bathrooms South east Village House Elegant Garden Balcony Roof top Terrace MTR nearby Sole Agent"
"https://www.28hse.com/en/buy/apartment/property-3996774","Mei Foo Mei Foo Sun Chuen","Unit D,Low Floor,NO.5 MOUNT,PHASE 7","936","10470","9.8","3","2","Owner (landlord)","3 Bedrooms , 2 Bathrooms South landlord Apartment New World Elegant"
"https://www.28hse.com/en/buy/apartment/property-3758593","Yuen Long Village","Underpass connecting to the garden","1400","5200","7.28","4","3","S&f Property Agency","4 Bedrooms , 3 Bathrooms Apartment Village House Garden view Good view City view Elegant"
"https://www.28hse.com/en/buy/apartment/property-3778013","Yuen Long Village","House","1400","6286","8.8","4","3","S&f Property Agency","4 Bedrooms , 3 Bathrooms House Apartment Village House Indoor Car Park Elegant"
"https://www.28hse.com/en/buy/apartment/property-3967025","Yuen Long Village","A","2100","6095","12.8","4","5+","Imperial Properties Agency Limited","4 Bedrooms , 5+ Bathrooms Village House Carpark"
"https://www.28hse.com/en/buy/apartment/property-3966647","Kowloon Tong Nga Yuen Building","Unit ST-5,Low Floor,Nga Yuen Building","1089","13113","14.28","3","1","Sky Win Property Agency Limited","3 Bedrooms , 1 Bathroom Apartment Western Style Bldg Outdoor Car Park Balcony Good school zone"
"https://www.28hse.com/en/buy/apartment/property-3989658","Western Mid-levels Merry Court","Unit F,Mid Floor,Merry Court","1094","13528","14.8","3","2","Homewise Realty Limited","3 Bedrooms , 2 Bathrooms Apartment Mountain view Good view Elegant Indoor Car Park"
"https://www.28hse.com/en/buy/apartment/property-3972355","Tuen Mun Castle Peak Road Avignon","Low Floor,TOWER 11,大廈","1142","9457","10.8","4","2","Century 21 Sky On Properties","4 Bedrooms , 2 Bathrooms South Apartment SHKP Mountain view Garden view Good view Elegant Indoor Car Park Garden"
"https://www.28hse.com/en/buy/apartment/property-3870222","Tai Po Casa Marina","Whole Block,CASA MARINA II","1425","10386","14.8","3","2","Century 21 Property Agency (pak Shek Kok) Limited","3 Bedrooms , 2 Bathrooms North Apartment Henderson Luxury Garden Balcony Terrace Ensuite Roof top"
"https://www.28hse.com/en/buy/apartment/property-3995458","Shatin Pictorial Garden","Mid Floor,ELEGANT COURT--BLOCK C","1119","12958","14.5","3","2","Midland Property","3 Bedrooms , 2 Bathrooms North west Apartment Chinachem MTR nearby Balcony Ensuite Clubhouse Shopping Mall nearby Good school zone"
"https://www.28hse.com/en/buy/apartment/property-3945959","North Point Mid Ho King View","Unit B,Mid Floor,Ho King View","1081","13302","14.38","3","2","Ricacorp Properties","3 Bedrooms , 2 Bathrooms North east Apartment Stand-alone Building Elegant VR"
"https://www.28hse.com/en/buy/apartment/property-3980454","North Point Mid Ho King View","Unit B,Mid Floor,Ho King View","1081","13302","14.38","3","2","Ricacorp Properties","3 Bedrooms , 2 Bathrooms North east Apartment Stand-alone Building Elegant VR"
"https://www.28hse.com/en/buy/apartment/property-3921542","Yuen Long Maple Garden","House","1190","12185","14.5","3","2","Hang Shun Real Estate Strategy Limited","3 Bedrooms , 2 Bathrooms House Garden Elegant Outdoor Car Park Mountain view Good view"
"https://www.28hse.com/en/buy/apartment/property-3995294","Clear Water Bay Mount Pavilia","Mid Floor,Tower 5","968","15496","15","3",,"Midland Realty","3 Bedrooms Apartment New World Good school zone Maid bedroom Clubhouse Balcony Ensuite Garden view Elegant"
"https://www.28hse.com/en/buy/apartment/property-3995231","Causeway Bay Lai Chi Building","1","998","7816","7.8",,,"Dynasty Estate Agency Limited","Western Style Bldg Sole Agent"
"https://www.28hse.com/en/buy/apartment/property-3974924","Yuen Long Seasons Villas","Whole Block,KAM TIN ROAD","920","10250","9.43","3","2","Midland Realty","3 Bedrooms , 2 Bathrooms Village House House Apartment CK Asset Good school zone Clubhouse Maid bedroom Ensuite Garden"
"https://www.28hse.com/en/buy/apartment/property-3974873","Yuen Long Seasons Palace","Whole Block,KAM SHEUNG ROAD","926","11339","10.5","3","2","Midland Realty","3 Bedrooms , 2 Bathrooms Apartment Village House House CK Asset Indoor Car Park Ensuite Roof top Maid bedroom Clubhouse"
"https://www.28hse.com/en/buy/apartment/property-3993908","Fotan The Palazzo","Unit C,Low Floor,TOWER 7","921","16830","15.5","3","2","Good Wealth Property Agency Limited","3 Bedrooms , 2 Bathrooms Apartment Sino"
"https://www.28hse.com/en/buy/apartment/property-3913081","Kowloon Tong Grand Court","Mid Floor,Grand Court","1004","11733","11.78","3","2","J‘s Property (kowloon Tong)","3 Bedrooms , 2 Bathrooms Western Style Bldg Stand-alone Building Mountain view Garden view Good view Building view Simple Outdoor Car Park"
"https://www.28hse.com/en/buy/apartment/property-3624395","Ho Man Tin The Astoria","Low Floor,TOWER 3","924","13528","12.5","3","2","J‘s Property (kowloon Tong)","3 Bedrooms , 2 Bathrooms Western Style Bldg Stand-alone Building Mountain view Good view Building view City view Simple Indoor Car Park Sole Agent"
"https://www.28hse.com/en/buy/apartment/property-3994363","Kowloon City Billionnaire Royale","1","1014","14181","14.38","3","2","Century 21 Kai Fung Properties Agency","3 Bedrooms , 2 Bathrooms South west Apartment Stand-alone Building Chinachem Mountain view Garden view Good view City view"
"https://www.28hse.com/en/buy/apartment/property-3994319","Yuen Long Villa Camellia","Whole Block,House","1320","9470","12.5","5+","2","Midland Realty","5+ Bedrooms , 2 Bathrooms South Apartment Good view Simple Indoor Car Park"
"https://www.28hse.com/en/buy/apartment/property-3994315","Tai Po The Beverly Hills","Whole Block,HOUSE NO.10,BOULEVARD DU PALAIS","1606","9215","14.8","4","2","Midland Realty","4 Bedrooms , 2 Bathrooms Apartment Simple"
"https://www.28hse.com/en/buy/apartment/property-3994296","Yuen Long Seasons Palace","Whole Block,HOUSE NO. 123,KAM SHEUNG ROAD","926","11339","10.5","3","3","Midland Realty","3 Bedrooms , 3 Bathrooms Apartment CK Asset"
"https://www.28hse.com/en/buy/apartment/property-3955212","Tai Wai Julimount Garden","Low Floor,BLOCK 1","1386","11457","15.88","3",,"Midland Realty International Limited","3 Bedrooms Apartment CK Asset"
"https://www.28hse.com/en/buy/apartment/property-3955236","Tai Po Villa Lucca","Mid Floor,TOWER 2,BUILDING","1149","12620","14.5","3",,"Midland Realty International Limited","3 Bedrooms Apartment Hysan"
"https://www.28hse.com/en/buy/apartment/property-3994160","Yuen Long Riva","Unit A,High Floor,TOWER 1,HELORUS BOULEVARD","1294","11592","15","4","3","Midland Realty","4 Bedrooms , 3 Bathrooms South east Apartment Include Powder Room"
"https://www.28hse.com/en/buy/apartment/property-3994147","Yuen Long Riva","Unit A,High Floor,TOWER 1,HELORUS BOULEVARD","1294","11592","15","5+","4","Ricacorp Property","5+ Bedrooms , 4 Bathrooms South east Apartment Swimming Pool View Good view Mountain view River view"
"https://www.28hse.com/en/buy/apartment/property-3994140","Yuen Long Riva","Unit A,Mid Floor,TOWER 1,HELORUS BOULEVARD","1294","10819","14","5+","4","Ricacorp Property","5+ Bedrooms , 4 Bathrooms South east Apartment Swimming Pool View Mountain view Garden view"
"https://www.28hse.com/en/buy/apartment/property-3994116","Tuen Mun Lung Kwu Tan","1","1400","4271","5.98","3","3","Cogent Property Development Limited","3 Bedrooms , 3 Bathrooms Village House"
"https://www.28hse.com/en/buy/apartment/property-3994094","Pak Shek Kok Providence Bay","Mid Floor,TOWER 2,大廈","1116","11201","12.5","4","3","Midland Realty","4 Bedrooms , 3 Bathrooms South west Apartment Sino Good view"
"https://www.28hse.com/en/buy/apartment/property-3994056","Shatin Dragons Range","Unit C,Low Floor,TOWER 1,COURT B","1009","12270","12.38","3","3","Century 21 Goodwin Property Shatin Luxury","3 Bedrooms , 3 Bathrooms North Apartment Kerry Garden view Elegant"
"https://www.28hse.com/en/buy/apartment/property-3595092","Happy Valley Zenith Mansion","Full-thickness","1260","11746","14.8","3","2","Charming Property Limited","3 Bedrooms , 2 Bathrooms Stand-alone Building Elegant With tenant agreement Balcony"
"https://www.28hse.com/en/buy/apartment/property-3994000","Ho Man Tin Happy Court","Unit B,High Floor,Happy Court","1067","12184","13","3","2","Grand Harvest Property Agency Co., Limited","3 Bedrooms , 2 Bathrooms Stand-alone Building Elegant Ensuite Maid bedroom Good school zone"
"https://www.28hse.com/en/buy/apartment/property-3993991","Ho Man Tin Kerin Court","Unit B,Low Floor,Kerin Court","1152","11285","13","3","2","Grand Harvest Property Agency Co., Limited","3 Bedrooms , 2 Bathrooms Stand-alone Building Elegant With tenant agreement Ensuite Maid bedroom Good school zone"
"https://www.28hse.com/en/buy/apartment/property-3949240","Ho Man Tin Harita Court","Unit ST-197,Low Floor,Harita Court","938","13326","12.5","3","2","Grand Harvest Property Agency Co., Limited","3 Bedrooms , 2 Bathrooms Stand-alone Building Balcony Ensuite MTR nearby Shopping Mall nearby Good school zone"
"https://www.28hse.com/en/buy/apartment/property-3955885","Tsuen Wan Sham Tseng Bellagio","High Floor,TOWER 5","946","13531","12.8","4","3","Earnest Property Agency Ltd","4 Bedrooms , 3 Bathrooms West Apartment Wheelock Balcony Ensuite Clubhouse Maid bedroom Sea view"
"https://www.28hse.com/en/buy/apartment/property-3984878","Yuen Long Park Signature","High Floor,TOWER 1","974","12320","12","4",,"Ricacorp Properties","4 Bedrooms South Apartment New World"
"https://www.28hse.com/en/buy/apartment/property-3953922","Shatin Dragons Range","Low Floor,TOWER 1,COURT B","1009","12270","12.38","3","2","Century 21 Goodwin Property Cityone","3 Bedrooms , 2 Bathrooms Apartment Kerry Elegant"
"https://www.28hse.com/en/buy/apartment/property-3993713","Yau Tong Peninsula East","Unit A,Low Floor,TOWER 1","931","13963","13","3","2","Midland","3 Bedrooms , 2 Bathrooms North west Apartment Wheelock"
"https://www.28hse.com/en/buy/apartment/property-3993658","Yuen Long Palm Springs","Whole Block,Phase 1A (Monterey) Cypress Drive","967","11355","10.98","3",,"Centaline Property Agency Limited","3 Bedrooms Apartment"
"https://www.28hse.com/en/buy/apartment/property-3993632","Ho Man Tin Valiant Court","Unit B,Low Floor,Valiant Court","1302","11137","14.5","3","2","Ricacorp Properties","3 Bedrooms , 2 Bathrooms Apartment"
"https://www.28hse.com/en/buy/apartment/property-3412749","Shatin Lakeview Garden","Whole Block,HOUSE B,HOUSE","2039","7749","15.8","5+","3","Elite Union (hua Liang) Realty Limited","5+ Bedrooms , 3 Bathrooms Apartment Nan Fung Elegant"
"https://www.28hse.com/en/buy/apartment/property-3993582","Happy Valley Yuk Sing Building","Mid Floor,Yuk Sing Building","976","14221","13.88","3","2","Lik Ka Property Consultant Company Limited","3 Bedrooms , 2 Bathrooms Apartment Ensuite Good school zone"
"https://www.28hse.com/en/buy/apartment/property-3908782","Ho Man Tin Ellery Terrace","High Floor,Ellery Terrace","913","16648","15.2","3","2","Century21 I-home Property Consultant","3 Bedrooms , 2 Bathrooms North west Stand-alone Building China Overseas Good view City view Elegant"
"https://www.28hse.com/en/buy/apartment/property-3993353","South Lantau Island Shui Hai Village","duplex","1400","5714","8","4","3","Findley Leung Group","4 Bedrooms , 3 Bathrooms Village House Mountain view Good view Elegant Balcony Roof top"
"https://www.28hse.com/en/buy/apartment/property-3945884","Tai Po Casa Marina","House","1446","8852","12.8","3","2","Century 21 Deluxe Home Property Ltd","3 Bedrooms , 2 Bathrooms House Henderson Simple Indoor Car Park Garden Roof top"
"https://www.28hse.com/en/buy/apartment/property-3960281","Tsuen Wan The Cairnhill","Unit C,Mid Floor,BLOCK 5,PHASE 1","974","10041","9.78","3",,"Midland Realty","3 Bedrooms Apartment"
"https://www.28hse.com/en/buy/apartment/property-3950608","Tsuen Wan The Cairnhill","High Floor,BLOCK 12,PHASE 2","948","14008","13.28",,,"Centaline Property Agency Limited","South west Apartment Mountain view City view"
"https://www.28hse.com/en/buy/apartment/property-3961308","Tsuen Wan The Cairnhill","Mid Floor,BLOCK 8,PHASE 1","1008","13690","13.8","3",,"Centaline Property Agency Limited","3 Bedrooms South Apartment Good view City view Indoor Car Park"
"https://www.28hse.com/en/buy/apartment/property-3993055","Tai Po The Beverly Hills","Whole Block,BOULEVARD DU PALAIS","1606","9215","14.8","5+","2","Centaline Property Agency Limited","5+ Bedrooms , 2 Bathrooms Apartment Indoor Car Park VR"
"https://www.28hse.com/en/buy/apartment/property-3666653","Ho Man Tin The Astrid","Unit B,Low Floor,TOWER 1","948","14557","13.8","3","2","Hey Home Property Limited","3 Bedrooms , 2 Bathrooms Apartment Garden view Balcony Ensuite Maid bedroom Good school zone"
"https://www.28hse.com/en/buy/apartment/property-2527822","Fanling Royal Knoll","Mid Floor,BLOCK 1","946","12685","12","3","2","Shun Shing Property Agency Limited","3 Bedrooms , 2 Bathrooms Apartment Grand Sea Mountain view Good view Elegant Clubhouse MTR nearby Shopping Mall nearby Good school zone"
"https://www.28hse.com/en/buy/apartment/property-3992945","Ho Man Tin Regal Court","Unit A,Low Floor,Regal Court","978","13292","13","2",,"Midland Realty International Limited","2 Bedrooms South Apartment International Gp"
"https://www.28hse.com/en/buy/apartment/property-3992888","Tin Hau Ernest Court","High Floor,Ernest Court","906","11369","10.3","3","2","Chun King Property Agency Limited","3 Bedrooms , 2 Bathrooms Stand-alone Building Good view MTR nearby Good school zone Balcony"
"https://www.28hse.com/en/buy/apartment/property-3991458","Tai Po Villa Castell","BLOCK 38,Villa Castell","916","13428","12.3","2","3","Century 21 Property Agency (pak Shek Kok) Limited","2 Bedrooms , 3 Bathrooms South west Apartment Good school zone Ensuite Maid bedroom Clubhouse Garden Mountain view Swimming Pool View"
"https://www.28hse.com/en/buy/apartment/property-3991588","Tai Po Savanna Garden","High Floor,BLOCK 42,BUILDING","1107","12358","13.68","3","3","Century 21 Property Agency (pak Shek Kok) Limited","3 Bedrooms , 3 Bathrooms South east Apartment Sea view Mountain view Maid bedroom Good school zone Ensuite Clubhouse Balcony"
"https://www.28hse.com/en/buy/apartment/property-3992813","Yuen Long Seasons Villas","Whole Block,HOUSE NO. 106,KAM TIN ROAD","920","10250","9.43","2","3","Midland Realty International Limited","2 Bedrooms , 3 Bathrooms South east Apartment House CK Asset Elegant MTR nearby Shopping Mall nearby Ensuite Clubhouse"
"https://www.28hse.com/en/buy/apartment/property-3977514","Tuen Mun Castle Peak Road Palatial Coast","Unit D,Mid Floor,BLOCK 2,GRAND PACIFIC VIEW","1187","7902","9.38","4","3","Earnest Property Agency Ltd","4 Bedrooms , 3 Bathrooms South Apartment Sea view Indoor Car Park Ensuite Maid bedroom Clubhouse"
"https://www.28hse.com/en/buy/apartment/property-3992352","Yau Yat Tsuen Marigold Court","High Floor,Marigold Court","1014","14793","15","3","2","United Properties Limited","3 Bedrooms , 2 Bathrooms Apartment Ensuite Maid bedroom"
"https://www.28hse.com/en/buy/apartment/property-3980680","Tuen Mun Castle Peak Road The Hillgrove","High Floor,EBONY II","903","11960","10.8","3","2","Century 21 Sky On Properties","3 Bedrooms , 2 Bathrooms South Apartment Wing Tai Indoor Car Park Roof top Ensuite"
"https://www.28hse.com/en/buy/apartment/property-3981327","Tuen Mun Castle Peak Road Beaulieu Peninsula","House","1072","9216","9.88","3","2","Century 21 Sky On Properties","3 Bedrooms , 2 Bathrooms Apartment House Good view Sea view Elegant"
"https://www.28hse.com/en/buy/apartment/property-3992194","Tung Chung Coastal Skyline","Unit E,High Floor,(LOW-RISE) 2,LE BLEU DEUX","988","16194","16","3",,"Centaline Property","3 Bedrooms Apartment HKR"
"https://www.28hse.com/en/buy/apartment/property-3992144","Tai Po Lincun Sheshan Village","36A","1300","5292","6.88","4",,"Mang Tat Property Limited","4 Bedrooms Village House"
"https://www.28hse.com/en/buy/apartment/property-3992062","Ma On Shan Lake Silver","Unit A,Low Floor,TOWER 7","1000","15000","15","3","3","Centaline Property Agency Limited","3 Bedrooms , 3 Bathrooms East Apartment Sino Mountain view Sea view"
"https://www.28hse.com/en/buy/apartment/property-3872484","Tsuen Wan Chelsea Court","Unit H,High Floor,TOWER B1--TOWER WEST","1046","14818","15.5","4","2","Universal (t.w.) Property Agency Limited","4 Bedrooms , 2 Bathrooms South west Apartment SHKP Sea view Luxury"
"https://www.28hse.com/en/buy/apartment/property-3760364","Tai Po Tolo Ridge","Mid Floor,BLOCK B","1223","9812","12","3","2","Century 21 Property Agency (pak Shek Kok) Limited","3 Bedrooms , 2 Bathrooms North east Apartment"
"https://www.28hse.com/en/buy/apartment/property-3991761","Yuen Long Palm Springs","Whole Block,NO. 45 CYPRESS DRIVE,Phase 1A (Monterey) Cypress Drive","967","11262","10.89","3","3","Midland Realty International Limited","3 Bedrooms , 3 Bathrooms North west Apartment Elegant MTR nearby Good school zone Shopping Mall nearby Clubhouse Ensuite Garden"
"https://www.28hse.com/en/buy/apartment/property-3978774","Yuen Long Fairview Park","Whole Block,ZONE A","915","12022","11","3","2","Midland Realty International Limited","3 Bedrooms , 2 Bathrooms North east Apartment House Elegant Indoor Car Park Clubhouse Ensuite MTR nearby Terrace"
"https://www.28hse.com/en/buy/apartment/property-3962325","Tuen Mun Castle Peak Road Palm Beach","Low Floor,TOWER 1","1556","9319","14.5","3","2","Earnest Property Agency Ltd","3 Bedrooms , 2 Bathrooms South Apartment Indoor Car Park Sea view Maid bedroom Shopping Mall nearby Duplex Apartment Clubhouse Ensuite"
"https://www.28hse.com/en/buy/apartment/property-3952984","Tuen Mun Castle Peak Road Avignon","Unit D,Low Floor,TOWER 7,大廈","918","8235","7.56","4","3","Earnest Property Agency Ltd","4 Bedrooms , 3 Bathrooms Apartment SHKP Garden view Ensuite Clubhouse Balcony Maid bedroom"
"https://www.28hse.com/en/buy/apartment/property-3965199","Tuen Mun Castle Peak Road Palatial Coast","Mid Floor,BLOCK 6,GRAND PACIFIC VIEW","1212","7591","9.2","4","3","Earnest Property Agency Ltd","4 Bedrooms , 3 Bathrooms South west Apartment Indoor Car Park Ensuite Clubhouse Maid bedroom Elegant Mountain view Sea view"
"https://www.28hse.com/en/buy/apartment/property-3991583","Tai Wai World-Wide Gardens","Low Floor,BLOCK 4--LILI COURT","1255","9865","12.38","3",,"Midland Realty","3 Bedrooms North west Apartment"
"https://www.28hse.com/en/buy/apartment/property-3991581","Tai Wai Parc Royale","Mid Floor,TOWER 1","1241","11829","14.68","4",,"Midland Realty","4 Bedrooms South Apartment Wheelock"
"https://www.28hse.com/en/buy/apartment/property-3991575","Ma On Shan Seanorama","Low Floor,TOWER 2B","1286","12426","15.98","4",,"Midland Realty","4 Bedrooms Apartment CK Asset Elegant"
"https://www.28hse.com/en/buy/apartment/property-3991218","The Lohas Hemera","Unit LB,Low Floor,TOWER 3","941","11902","11.2","4","2","Midland Realty International Limited","4 Bedrooms , 2 Bathrooms Apartment Henderson Include Powder Room"
"https://www.28hse.com/en/buy/apartment/property-3991176","Yuen Long Grand Yoho","Unit F,Mid Floor,TOWER 8,PHASE 2","907","17089","15.5","4",,"Ricacorp Properties","4 Bedrooms Apartment SHKP"
"https://www.28hse.com/en/buy/apartment/property-3990713","Tai Po Richwood Park","High Floor,BLOCK 4,BUILDING","1040","8942","9.3","3","2","Centaline Property Agency Limited","3 Bedrooms , 2 Bathrooms Apartment Carpark"
"https://www.28hse.com/en/buy/apartment/property-3990613","Tai Po Hilltop Garden","Low Floor,HOUSE NO.209,BUILDING","1400","6143","8.6","3","2","Owner (landlord)","3 Bedrooms , 2 Bathrooms East landlord Village House Duplex Apartment Garden Include Powder Room"
"https://www.28hse.com/en/buy/apartment/property-3968128","Tuen Mun Castle Peak Road Le Pont","Low Floor,TOWER 1B,BUILDING","1248","11699","14.6","4","2","Easy Land Agency Ltd.","4 Bedrooms , 2 Bathrooms Apartment Vanke Good view Simple Balcony Ensuite Maid bedroom Clubhouse"
"https://www.28hse.com/en/buy/apartment/property-3968167","Tuen Mun Castle Peak Road Beaulieu Peninsula","High Floor,HOUSE 69,3-STOREY HOUSE","1072","9216","9.88","3","2","Easy Land Agency Ltd.","3 Bedrooms , 2 Bathrooms South east Apartment Good view Sea view Elegant Outdoor Car Park Balcony Ensuite"
"https://www.28hse.com/en/buy/apartment/property-3980452","Shatin Dragons Range","Low Floor,TOWER 1,COURT B","1009","12270","12.38","3","2","Century 21 Goodwin Property Shatin Luxury","3 Bedrooms , 2 Bathrooms North Apartment Kerry"
"https://www.28hse.com/en/buy/apartment/property-3990394","Yuen Long Riva","Unit A,Mid Floor,TOWER 3,HELORUS BOULEVARD","1087","12879","14","4","4","Ricacorp Property","4 Bedrooms , 4 Bathrooms North east Apartment Garden view Mountain view Indoor Car Park Luxury"
"https://www.28hse.com/en/buy/apartment/property-3990385","Yuen Long Riva","Unit A,Mid Floor,TOWER 1,HELORUS BOULEVARD","1087","11500","12.5","4","4","Ricacorp Property","4 Bedrooms , 4 Bathrooms South east Apartment Garden view Swimming Pool View River view Mountain view"
"https://www.28hse.com/en/buy/apartment/property-3980732","Kowloon Tong Ava Court","Unit F,High Floor,Ava Court","976","13268","12.95","3",,"Midland Realty International Limited","3 Bedrooms North east Apartment Elegant Mountain view Good view Outdoor Car Park VR"
"https://www.28hse.com/en/buy/apartment/property-3952958","Tuen Mun Castle Peak Road Avignon","Low Floor,TOWER 7,大廈","918","8257","7.58","3","2","Century 21 Sky On Properties","3 Bedrooms , 2 Bathrooms Apartment SHKP Mountain view Garden view Good view City view Luxury Balcony Ensuite"
"https://www.28hse.com/en/buy/apartment/property-3990216","Tai Wai Parc Royale","Mid Floor,TOWER 5","942","12739","12","3",,"Midland Realty","3 Bedrooms West Apartment Wheelock"
"https://www.28hse.com/en/buy/apartment/property-3948188","North Point Mid Kent Mansion","Low Floor,Kent Mansion","962","10343","9.95","3","2","Lik Ka Property Consultant Company Limited","3 Bedrooms , 2 Bathrooms Apartment Elegant Ensuite Good school zone Shopping Mall nearby Good view"
"https://www.28hse.com/en/buy/apartment/property-3607263","North Point City Garden","Low Floor,BLOCK 7","1010","12426","12.55","3","2","Lik Ka Property Consultant Company Limited","3 Bedrooms , 2 Bathrooms Apartment CK Asset Good school zone Clubhouse Shopping Mall nearby Ensuite MTR nearby Elegant Good view"
"https://www.28hse.com/en/buy/apartment/property-3966976","Sai Kung Royal Garden","B","1400","8571","12","4",,"Century 21 Goodwin Property Clear Water Bay Branch","4 Bedrooms North east Village House Elegant Outdoor Car Park Garden Balcony Ensuite"
"https://www.28hse.com/en/buy/apartment/property-3973370","Sai Kung Villa Royale","Whole Block,House","1234","10924","13.48",,,"Century 21 Goodwin Property Clear Water Bay Branch","Apartment Elegant Outdoor Car Park"
"https://www.28hse.com/en/buy/apartment/property-3478735","Sai Kung Kambridge Garden","Full thickness","1085","12719","13.8","3",,"Century 21 Goodwin Property Clear Water Bay Branch","3 Bedrooms West Apartment Elegant Outdoor Car Park"
"https://www.28hse.com/en/buy/apartment/property-3455885","Clear Water Bay Mount Pavilia","Low Floor,Tower 21","1159","13805","16","3",,"Century 21 Goodwin Property Clear Water Bay Branch","3 Bedrooms South west Apartment New World Mountain view Indoor Car Park"
"https://www.28hse.com/en/buy/apartment/property-3962194","Tuen Mun Castle Peak Road Palm Beach","Mid Floor,TOWER 1","1603","9357","15","4","2","Century21 Sky On Properties","4 Bedrooms , 2 Bathrooms South east Apartment Garden view Good view Sea view Luxury Indoor Car Park Ensuite Maid bedroom"
"https://www.28hse.com/en/buy/apartment/property-3990057","Ma On Shan Symphony Bay","Mid Floor,BLOCK 1,VILLA RHAPSODY","1086","10387","11.28","3","2","Century 21 Goodwin Property Cityone","3 Bedrooms , 2 Bathrooms Apartment SHKP Elegant"
"https://www.28hse.com/en/buy/apartment/property-3990001","Tai Wai Parc Royale","High Floor,TOWER 10","942","13588","12.8","3","3","Century 21 Goodwin Property Shatin Luxury","3 Bedrooms , 3 Bathrooms North Apartment Wheelock Simple"
"https://www.28hse.com/en/buy/apartment/property-3989910","Tsuen Wan The Cairnhill","Unit A,Mid Floor,BLOCK 8,PHASE 1","1008","11687","11.78","3",,"Midland Realty International Limited","3 Bedrooms South Apartment"
"https://www.28hse.com/en/buy/apartment/property-3946165","The Lohas Le Prestige","Unit RA,Low Floor,TOWER 1","964","11411","11","4","2","Hong Kong Property","4 Bedrooms , 2 Bathrooms Apartment CK Asset Sea view Elegant Balcony Clubhouse MTR nearby Shopping Mall nearby"
"https://www.28hse.com/en/buy/apartment/property-3945951","The Lohas Le Prestige","Unit LD,Low Floor,TOWER 1","976","10143","9.9","4","3","Hong Kong Property","4 Bedrooms , 3 Bathrooms Apartment CK Asset Garden view Elegant Balcony Clubhouse MTR nearby Shopping Mall nearby"
"https://www.28hse.com/en/buy/apartment/property-3645989","Tsim Sha Tsui Hilton Towers","High Floor,Hilton Towers","958","11879","11.38","3","3","Chung Hing Property Company Limited","3 Bedrooms , 3 Bathrooms South east Apartment"
"https://www.28hse.com/en/buy/apartment/property-3989525","Tai Wai Hill Paramount","Unit C,High Floor,BLOCK 1,BUILDING","1131","14147","16","3",,"Midland Realty","3 Bedrooms South east Apartment Henderson Mountain view Good view Elegant"
"https://www.28hse.com/en/buy/apartment/property-3989385","Tai Wai Parc Royale","Unit A,High Floor,TOWER 10","942","13588","12.8","3",,"Centaline Property Agency Limited","3 Bedrooms East Apartment Wheelock Good view VR"
"https://www.28hse.com/en/buy/apartment/property-3868047","Yuen Long Yoho Midtown","Unit D,High Floor,TOWER M1","915","15082","13.8","3","2","Kin Fu Realty","3 Bedrooms , 2 Bathrooms Apartment SHKP Good view"
"https://www.28hse.com/en/buy/apartment/property-3989132","Tai Po Savanna Garden","Unit A,Mid Floor,BLOCK 49,BUILDING","962","9231","8.88","3","2","Ricacorp Properties","3 Bedrooms , 2 Bathrooms South west Apartment"
"https://www.28hse.com/en/buy/apartment/property-3989122","Pak Shek Kok Providence Bay","Unit C,Mid Floor,TOWER 2,大廈","1097","11851","13","4","2","Ricacorp Properties","4 Bedrooms , 2 Bathrooms Apartment Sino VR"
"https://www.28hse.com/en/buy/apartment/property-3989070","Tai Wai Parc Royale","High Floor,TOWER 10","942","13588","12.8",,,"Century 21 Goodwin Property Cityone","Apartment Wheelock Good view City view Luxury Clubhouse MTR nearby Shopping Mall nearby Good school zone"
"https://www.28hse.com/en/buy/apartment/property-3947269","Tai Po Richwood Park","High Floor,BLOCK 4,BUILDING","1040","8606","8.95","3","2","Centaline Property","3 Bedrooms , 2 Bathrooms Apartment Ensuite Maid bedroom Indoor Car Park Good view Sea view Luxury VR"
"https://www.28hse.com/en/buy/apartment/property-3988393","Ma On Shan Symphony Bay","Unit B,Mid Floor,BLOCK 11,VILLA CONCERTO","1031","12609","13","3","2","Midland Realty","3 Bedrooms , 2 Bathrooms Apartment SHKP Mountain view Elegant"
"https://www.28hse.com/en/buy/apartment/property-3984076","Fotan The Grandville","Unit B,Mid Floor,TOWER C,PHASE 1","922","13970","12.88","3","2","Ricacorp Properties","3 Bedrooms , 2 Bathrooms South east Apartment Wing Tai Garden view Good view Building view Elegant Include Powder Room"
"https://www.28hse.com/en/buy/apartment/property-3988382","Ho Man Tin Viva Court","Unit ST-290A,High Floor,Viva Court","1027","13437","13.8","3","3","United Properties Limited","3 Bedrooms , 3 Bathrooms South Stand-alone Building Carpark"
"https://www.28hse.com/en/buy/apartment/property-3988211","Shatin Dragons Range","Unit D,Mid Floor,TOWER 3,COURT C","944","12744","12.03",,,"Century 21 Goodwin Property Consultants( Yue Chui Branch)","Apartment Kerry Mountain view"
"https://www.28hse.com/en/buy/apartment/property-3944661","Sheung Shui Village","Full floor","1400","5700","7.98","5+","4","Wefat Realty Limited","5+ Bedrooms , 4 Bathrooms Apartment Village House Mountain view Good view City view Elegant Sole Agent"
"https://www.28hse.com/en/buy/apartment/property-3988129","Causeway Bay Waldorf Mansion","Low Floor,Waldorf Mansion","1173","8176","9.59","4","2","Guide Property Limited","4 Bedrooms , 2 Bathrooms Stand-alone Building Maid bedroom Shopping Mall nearby Ensuite MTR nearby Good school zone Elegant"
"https://www.28hse.com/en/buy/apartment/property-3959229","Yuen Long Fairview Park","Whole Block,ZONE C","1035","13043","13.5","3","2","Midland Realty International Limited","3 Bedrooms , 2 Bathrooms Apartment Good view Luxury"
"https://www.28hse.com/en/buy/apartment/property-3962303","Yuen Long Riva","Unit A,Mid Floor,TOWER 3,HELORUS BOULEVARD","1087","12695","13.8","4","3","Midland Realty International Limited","4 Bedrooms , 3 Bathrooms Apartment Mountain view River view Swimming Pool View Luxury"
"https://www.28hse.com/en/buy/apartment/property-3988071","Ma On Shan Symphony Bay","Unit A,Mid Floor,BLOCK 15,VILLA RHAPSODY","1285","11673","15","4","3","Centaline Property Agency Limited","4 Bedrooms , 3 Bathrooms North west Apartment SHKP Indoor Car Park VR"
"https://www.28hse.com/en/buy/apartment/property-3988051","Tai Po The Beverly Hills","House","1606","8705","13.98","5+","2","Century 21 Deluxe Home Property Ltd","5+ Bedrooms , 2 Bathrooms House Elegant Roof top Ensuite Sole Agent"
"https://www.28hse.com/en/buy/apartment/property-3987978","Yuen Long Riva","Mid Floor,TOWER 3,HELORUS BOULEVARD","1087","12695","13.8","3",,"Midland Realty International Limited","3 Bedrooms Apartment"
"https://www.28hse.com/en/buy/apartment/property-3987949","Ma On Shan Symphony Bay","Mid Floor,BLOCK 15,VILLA RHAPSODY","1285","12062","15.5","4","2","Century 21 Goodwin Property Consultants","4 Bedrooms , 2 Bathrooms North west Apartment SHKP Building view Swimming Pool View"
"https://www.28hse.com/en/buy/apartment/property-3987936","Kowloon Tong Nga Yuen Building","Unit ST-5,Low Floor,Nga Yuen Building","1089","13113","14.28","3","2","Midland Realty International Limited","3 Bedrooms , 2 Bathrooms North Apartment"
"https://www.28hse.com/en/buy/apartment/property-3987891","Mei Foo Mei Foo Sun Chuen","Unit B,High Floor,NO.40 NASSAU STREET,PHASE 6","966","11387","11","3",,"Nam Cheong Branch Team B (btn)","3 Bedrooms Apartment New World Elegant"
"https://www.28hse.com/en/buy/apartment/property-3951500","Quarry Bay Kornhill","Low Floor,BLOCK J","902","14058","12.68","3",,"Ricacorp Properties","3 Bedrooms South east Apartment Hang Lung Elegant Garden view Ensuite MTR nearby Good school zone Shopping Mall nearby"
"https://www.28hse.com/en/buy/apartment/property-3957344","Shatin Castello","High Floor,BLOCK 7","901","14351","12.93","4","2","Castello Property Agency","4 Bedrooms , 2 Bathrooms Apartment SHKP Good view Luxury Roof top Ensuite Maid bedroom Clubhouse MTR nearby"
"https://www.28hse.com/en/buy/apartment/property-3987677","Ma On Shan Baycrest","Unit A,Mid Floor,BLOCK 1","1012","13043","13.2","3",,"Centaline Property","3 Bedrooms South west Apartment Sea view"
"https://www.28hse.com/en/buy/apartment/property-3964581","Yuen Long Hillford","Full floor","1329","6659","8.85","3",,"Virtue Real Estate Agency (hk) Limited","3 Bedrooms Apartment Village House"
"https://www.28hse.com/en/buy/apartment/property-3740007","Tai Hang Green Villa","High Floor,Green Villa","1183","13525","16","3","2","Lik Ka Property Consultant Company Limited","3 Bedrooms , 2 Bathrooms Apartment Good view Indoor Car Park Ensuite Maid bedroom Good school zone"
"https://www.28hse.com/en/buy/apartment/property-3784263","Shatin Lakeview Garden","Low Floor,TOWER 2,BUILDING","1017","8555","8.7","3","2","Shing Sai Property","3 Bedrooms , 2 Bathrooms South east Apartment Nan Fung Mountain view Good view Elegant Outdoor Car Park"
"https://www.28hse.com/en/buy/apartment/property-3958571","The Lohas Le Prime Of Le Prestige","Unit LA,Low Floor,TOWER 6","987","10010","9.88","4",,"Midland Property","4 Bedrooms West Apartment CK Asset"
"https://www.28hse.com/en/buy/apartment/property-3958575","The Lohas Le Prime Of Le Prestige","Unit LA,Low Floor,TOWER 6","987","10111","9.98","4",,"Midland Property","4 Bedrooms West Apartment CK Asset"
"https://www.28hse.com/en/buy/apartment/property-3987073","Kowloon Tong South Court","Unit D,Low Floor,South Court","1054","14991","15.8","3",,"Centaline Property","3 Bedrooms Apartment VR"
"https://www.28hse.com/en/buy/apartment/property-3801096","Clear Water Bay Mount Pavilia","Tower 19","903","15282","13.8","3","1","Century 21 Goodwin Property Consultants","3 Bedrooms , 1 Bathroom Apartment New World Elegant"
"https://www.28hse.com/en/buy/apartment/property-3986735","Western Mid-levels Hoover Mansion","Low Floor","1213","13190","16","3",,"Hong Kong Property","3 Bedrooms Apartment"
"https://www.28hse.com/en/buy/apartment/property-3729817","North Point City Garden","Unit B,High Floor,BLOCK 10","963","16594","15.98","3","2","Martel Property Agency Company","3 Bedrooms , 2 Bathrooms Apartment CK Asset Good view Sole Agent"
"https://www.28hse.com/en/buy/apartment/property-3816722","Sai Kung Ko Tong Village","The whole building","1650","4727","7.8",,,"Nova Strategy","Village House Carpark"
"https://www.28hse.com/en/buy/apartment/property-3966223","Tsuen Wan Sham Tseng Rhine Terrace","High Floor,Rhine Terrace","1206","8076","9.74",,,"Earnest Property Agency Ltd","Apartment Balcony Duplex Apartment Good view VR"
"https://www.28hse.com/en/buy/apartment/property-3986580","Shatin Dragons Range","Mid Floor,TOWER 3,COURT C","944","13242","12.5","3","2","Ricacorp Properties","3 Bedrooms , 2 Bathrooms North west Apartment Kerry VR"
"https://www.28hse.com/en/buy/apartment/property-3979678","Shatin Dragons Range","Mid Floor,TOWER 3,COURT C","944","12182","11.5","3","3","Century 21 Goodwin Property Shatin Luxury","3 Bedrooms , 3 Bathrooms North west Apartment Kerry"
"https://www.28hse.com/en/buy/apartment/property-3986420","Tai Kok Tsui Chinese Mansion","5","903","6091","5.5","5+","1","Sun Cheong Realty","5+ Bedrooms , 1 Bathroom South east Tong Lau Stand-alone Building Good view"
"https://www.28hse.com/en/buy/apartment/property-3986406","Pak Shek Kok The Horizon","Unit D,High Floor,Tower 2 Of Court B,Building","1071","12605","13.5","3","2","Midland Realty","3 Bedrooms , 2 Bathrooms Apartment Billion Dev Elegant"
"https://www.28hse.com/en/buy/apartment/property-3986399","Tai Po The Paragon","Unit A,High Floor,BLOCK 12","1109","10009","11.1","3","2","Midland Realty","3 Bedrooms , 2 Bathrooms Apartment Garden view Swimming Pool View Simple"
"https://www.28hse.com/en/buy/apartment/property-3986393","Yuen Long Fairview Park","Whole Block,ZONE C","1035","13527","14","3",,"Centaline Property Agency Limited","3 Bedrooms Apartment"
"https://www.28hse.com/en/buy/apartment/property-3986144","Yuen Long Park Yoho","Unit B,High Floor,TOWER 35A,PARK YOHO MILANO","982","15886","15.6","3",,"Ricacorp Properties","3 Bedrooms North Apartment SHKP"
"https://www.28hse.com/en/buy/apartment/property-3986107","Ho Man Tin The Astrid","Unit B,Low Floor,TOWER 1","948","14557","13.8","3",,"Centaline Property","3 Bedrooms Apartment VR"
"https://www.28hse.com/en/buy/apartment/property-3985951","Ho Man Tin Tip Top Mansion","Unit A,High Floor,Tip Top Mansion","1346","10773","14.5","3",,"Centaline Property Agency Limited","3 Bedrooms Apartment VR"
"https://www.28hse.com/en/buy/apartment/property-3575234","Yuen Long Village","33","1300","7308","9.5","3","2","Kin Fu Realty","3 Bedrooms , 2 Bathrooms Village House"
"https://www.28hse.com/en/buy/apartment/property-3980564","Tuen Mun Castle Peak Road South Crest","Unit B,Low Floor,South Crest","928","8082","7.5",,,"Century21 Sky On Properties","Apartment Garden view"
"https://www.28hse.com/en/buy/apartment/property-3985780","Kowloon City Springvale","Unit A,Low Floor,Springvale","1356","11652","15.8","3",,"Centaline Property","3 Bedrooms Apartment VR"
"https://www.28hse.com/en/buy/apartment/property-3985752","Mong Kok Kiu Yuen Mansion","Unit ST-247,High Floor,Kiu Yuen Mansion","1027","14606","15","3",,"Centaline Property","3 Bedrooms Apartment VR"
"https://www.28hse.com/en/buy/apartment/property-3944507","Pak Shek Kok Providence Bay","Low Floor,TOWER 16,大廈","1111","11413","12.68","3","2","Century 21 Property Agency (pak Shek Kok) Limited","3 Bedrooms , 2 Bathrooms North west Apartment Sino"
"https://www.28hse.com/en/buy/apartment/property-3985531","Ho Man Tin Oriental Gardens","Unit 1,Mid Floor,BLOCK C","1058","12552","13.28","3","2","Centaline Property","3 Bedrooms , 2 Bathrooms South Apartment Indoor Car Park Elegant"
"https://www.28hse.com/en/buy/apartment/property-3985453","Yau Yat Tsuen Havsun Garden","Unit B,Mid Floor,Havsun Garden","1037","15429","16","3",,"Midland Realty International Limited","3 Bedrooms South east Apartment"
"https://www.28hse.com/en/buy/apartment/property-3985447","Ho Man Tin Star Court","Unit A,Low Floor,Star Court","1238","11309","14","3","2","Grand Harvest Property Agency Co., Limited","3 Bedrooms , 2 Bathrooms Stand-alone Building Elegant Balcony Ensuite Good school zone"
"https://www.28hse.com/en/buy/apartment/property-3984418","Kowloon City Billionnaire Royale","Room D","930","16022","14.9","4","2","Owner (landlord)","4 Bedrooms , 2 Bathrooms South west landlord Apartment Chinachem Include Powder Room"
"https://www.28hse.com/en/buy/apartment/property-3984409","Yau Yat Tsuen Grandeur Villa","Unit C,Mid Floor,BLOCK 4","926","17063","15.8","3",,"Centaline Property","3 Bedrooms North Apartment Lai Sun VR"
"https://www.28hse.com/en/buy/apartment/property-3984389","Kowloon City Wayne Place","Unit B,Low Floor,Wayne Place","912","17544","16","3",,"Centaline Property","3 Bedrooms Apartment"
"https://www.28hse.com/en/buy/apartment/property-3984345","Tung Chung Caribbean Coast","Unit A,Mid Floor,TOWER 1,Phase 1 Monterey Cove","970","9979","9.68","3","2","Tung Chung Property","3 Bedrooms , 2 Bathrooms North Apartment CK Asset Good view Sea view Elegant Balcony Ensuite Maid bedroom"
"https://www.28hse.com/en/buy/apartment/property-3251714","Yuen Long No. 12 Hong Mei Tsuen","full layer","2372","2530","6",,,"Aa Property Auctioneers Ltd.","Village House Auction Property"
"https://www.28hse.com/en/buy/apartment/property-1798712","Kowloon Tong Eugene Terrace","Mid Floor,Eugene Terrace","982","14053","13.8","3","2","Aa Property Auctioneers Ltd.","3 Bedrooms , 2 Bathrooms Apartment Stand-alone Building Good view Building view Auction Property"
"https://www.28hse.com/en/buy/apartment/property-3984278","Tuen Mun Castle Peak Road The Bloomsway","Unit B,Mid Floor,TOWER 2,THE LAGUNA","976","11578","11.3","4","3","Earnest Property Agency Ltd","4 Bedrooms , 3 Bathrooms South Apartment Kerry Ensuite Clubhouse Maid bedroom Balcony Sea view Swimming Pool View"
"https://www.28hse.com/en/buy/apartment/property-3960226","Sham Shui Po Tung Shing Building","Mid Floor,Tung Shing Building","1419","6342","9",,,"Kong Wai Property Agency Limited","Stand-alone Building"
"https://www.28hse.com/en/buy/apartment/property-3980977","Tai Po Village","1","1400","5214","7.3",,,"Kei Cheung Ltd","Village House"
"https://www.28hse.com/en/buy/apartment/property-2326512","North Point City Garden","Mid Floor,BLOCK 7","1010","13149","13.28","3","2","Sunrise Property Agency Limited","3 Bedrooms , 2 Bathrooms North east Apartment CK Asset City view Sea view Good view Ensuite MTR nearby Good school zone"
"https://www.28hse.com/en/buy/apartment/property-3984117","Tseung Kwan O Oscar By The Sea","Unit A,Mid Floor,BLOCK 1","1040","13346","13.88","4","3","Midland Realty","4 Bedrooms , 3 Bathrooms South Apartment SHKP Simple Mountain view Good view City view Sea view Clubhouse"
"https://www.28hse.com/en/buy/apartment/property-3896962","Shatin Belair Gardens","Low Floor,KINGSTON HEIGHTS--BLOCK K","1093","8783","9.6","3","2","Century 21 Goodwin Property Cityone","3 Bedrooms , 2 Bathrooms Apartment Chinachem Good view Elegant"
"https://www.28hse.com/en/buy/apartment/property-3743144","Shatin Dragons Range","Low Floor,TOWER 1,COURT B","1009","12270","12.38","3","2","Century 21 Goodwin Property Cityone","3 Bedrooms , 2 Bathrooms South east Apartment Kerry Garden view Good view Elegant"
"https://www.28hse.com/en/buy/apartment/property-3983937","Tai Po The Beverly Hills","House","1606","9651","15.5","3","2","Century 21 Property Agency (pak Shek Kok) Limited","3 Bedrooms , 2 Bathrooms Apartment House Include Powder Room"
"https://www.28hse.com/en/buy/apartment/property-3957948","Tsuen Wan The Cairnhill","Unit A,Mid Floor,BLOCK 8,PHASE 1","1008","12897","13","3","3","Centaline Property Agency Limited","3 Bedrooms , 3 Bathrooms South Apartment Good view City view Elegant Balcony Ensuite Maid bedroom Clubhouse"
"https://www.28hse.com/en/buy/apartment/property-3955001","Tsuen Wan The Cairnhill","High Floor,BLOCK 9,PHASE 1","931","11815","11","3","3","Centaline Property Agency Limited","3 Bedrooms , 3 Bathrooms North Apartment Mountain view Good view Elegant Balcony Ensuite Clubhouse MTR nearby"
"https://www.28hse.com/en/buy/apartment/property-3983871","To Kwa Wan Tin Kwong Road","Tianguang Road","1378","7184","9.9",,,"Centaline","Sold"
"https://www.28hse.com/en/buy/apartment/property-3983862","Ho Man Tin Belfran Mansion","2","1040","11538","12","2","2","Midland Realty International Limited","2 Bedrooms , 2 Bathrooms South Stand-alone Building Duplex Apartment MTR nearby Shopping Mall nearby"
"https://www.28hse.com/en/buy/apartment/property-3636409","Shatin Ha Wo Che","X","1530","5020","7.68","5+","5+","Festival Home Property Agency Limited","5+ Bedrooms , 5+ Bathrooms South west Village House Simple Sole Agent"
"https://www.28hse.com/en/buy/apartment/property-3983831","Ho Man Tin Yee On Court","Unit 1,Low Floor,BLOCK A","976","11148","10.88","3","2","Full On Property Consultant Limited","3 Bedrooms , 2 Bathrooms South east Apartment Western Style Bldg Good view City view Sole Agent"
"https://www.28hse.com/en/buy/apartment/property-3975607","Yuen Long Seasons Palace","Whole Block,KAM SHEUNG ROAD","926","11339","10.5","3","2","Midland Realty","3 Bedrooms , 2 Bathrooms Apartment CK Asset Garden Roof top"
"https://www.28hse.com/en/buy/apartment/property-3975613","Yuen Long Seasons Villas","Whole Block,KAM TIN ROAD","1117","10295","11.5","3","2","Midland Realty","3 Bedrooms , 2 Bathrooms Apartment CK Asset Indoor Car Park Roof top Garden"
"https://www.28hse.com/en/buy/apartment/property-3900625","Shatin Garden Vista","Mid Floor,BLOCK B","1112","13489","15","3","2","Century 21 Goodwin Property Cityone","3 Bedrooms , 2 Bathrooms North west Apartment Henderson River view Elegant"
"https://www.28hse.com/en/buy/apartment/property-3971727","Hung Shui Kiu Uptown","Mid Floor,TOWER 6,BUILDING","902","8293","7.48","4","2","Tin Chi Property Agency Limited","4 Bedrooms , 2 Bathrooms South west Apartment CK Asset Garden view Good view Swimming Pool View Balcony Ensuite Maid bedroom"
"https://www.28hse.com/en/buy/apartment/property-3983575","Ho Man Tin Harita Court","Unit ST-197,Low Floor,Harita Court","938","13326","12.5","3","2","Elite Union Property (prince Edward) Limited","3 Bedrooms , 2 Bathrooms Apartment Western Style Bldg Garden view Good view Building view Elegant Outdoor Car Park Ensuite MTR nearby"
"https://www.28hse.com/en/buy/apartment/property-3983496","Ma On Shan Symphony Bay","Unit B,Mid Floor,BLOCK 15,VILLA RHAPSODY","1326","11689","15.5","4","3","Century 21 Goodwin Property Kam Fung Court","4 Bedrooms , 3 Bathrooms West Apartment SHKP Mountain view Garden view Good view Elegant Indoor Car Park Ensuite"
"https://www.28hse.com/en/buy/apartment/property-3866963","To Kwa Wan Sunrise Villa","Unit A,Mid Floor,Sunrise Villa","1026","14600","14.98","3","2","Golden State (property Agency) Limited","3 Bedrooms , 2 Bathrooms Apartment Western Style Bldg Good view Sea view Luxury Ensuite MTR nearby Shopping Mall nearby Good school zone"
"https://www.28hse.com/en/buy/apartment/property-3969712","Tsim Sha Tsui Hankow Centre","Mid Floor,BLOCK A","905","10663","9.65","1","2","Golden State (property Agency) Limited","1 Bedroom , 2 Bathrooms Apartment Western Style Bldg Good view Sea view Elegant MTR nearby Shopping Mall nearby"
"https://www.28hse.com/en/buy/apartment/property-3964924","Tsim Sha Tsui Winston Mansion","Mid Floor,Winston Mansion","976","9098","8.88","4","2","Golden State (property Agency) Limited","4 Bedrooms , 2 Bathrooms Apartment Western Style Bldg Stand-alone Building Good view Elegant MTR nearby Shopping Mall nearby Good school zone"
"https://www.28hse.com/en/buy/apartment/property-3983466","Pak Shek Kok Mayfair By The Sea 8","Unit B,Low Floor,Tower 2","1008","15079","15.2","4",,"Centaline Property Agency Limited","4 Bedrooms Apartment Sino VR"
"https://www.28hse.com/en/buy/apartment/property-3983409","Shatin Ascot Villa","High Floor,BLOCK B","1203","8296","9.98","3","2","Century 21 Goodwin Property Shatin Luxury","3 Bedrooms , 2 Bathrooms North Apartment Mountain view Good view"
"https://www.28hse.com/en/buy/apartment/property-3949624","Tuen Mun Castle Peak Road The Hillgrove","Low Floor,CRESCENT V","1335","8989","12","3","2","Century 21 Sky On Properties","3 Bedrooms , 2 Bathrooms Apartment Wing Tai Good view Garden Ensuite"
"https://www.28hse.com/en/buy/apartment/property-3983381","Tai Po Casa Marina","Whole Block,CASA MARINA II","1425","11228","16","3","2","Ricacorp Properties","3 Bedrooms , 2 Bathrooms Apartment Henderson"
"https://www.28hse.com/en/buy/apartment/property-3983359","Fotan Shatin Lodge","Unit B,Low Floor,Shatin Lodge","1005","9751","9.8","3",,"Ricacorp Properties","3 Bedrooms South Apartment"
"https://www.28hse.com/en/buy/apartment/property-3967212","Ho Man Tin Oriental Gardens","Low Floor,BLOCK D","1058","11815","12.5","3","2","United Properties Limited","3 Bedrooms , 2 Bathrooms Apartment Shopping Mall nearby Maid bedroom Good school zone Ensuite MTR nearby Outdoor Car Park"
"https://www.28hse.com/en/buy/apartment/property-3727146","Sheung Wan Nam Pak Hong Building","Unit B,Mid Floor,Nam Pak Hong Building","923","11701","10.8","2","3","Man Bridge Property","2 Bedrooms , 3 Bathrooms Western Style Bldg Luxury"
"https://www.28hse.com/en/buy/apartment/property-3983239","Yuen Long Palm Springs","Whole Block,Phase 1D(Paloma) Lilac","1016","12303","12.5","2",,"Centaline Property","2 Bedrooms South Apartment Luxury"
"https://www.28hse.com/en/buy/apartment/property-3983216","Yuen Long Palm Springs","Whole Block,NO. 26 PINACEAE DRIVE,Phase 1C (Westwood) Pinaceae","1367","10227","13.98","2",,"Centaline Property","2 Bedrooms North west Apartment"
"https://www.28hse.com/en/buy/apartment/property-3983196","Yuen Long Palm Springs","Whole Block,Phase 1A (Monterey) Cypress Drive","967","11355","10.98","3",,"Centaline Property","3 Bedrooms Apartment Elegant"
"https://www.28hse.com/en/buy/apartment/property-3982711","Fotan Shatin Lodge","Low Floor,Shatin Lodge","1005","9751","9.8","3","2","Ricacorp Properties","3 Bedrooms , 2 Bathrooms South Apartment Carpark"
"https://www.28hse.com/en/buy/apartment/property-3982685","Ma On Shan Sunshine City","High Floor,BLOCK 1,Phase 5","932","15966","14.88","3","2","Midland Realty","3 Bedrooms , 2 Bathrooms Apartment Henderson VR"
"https://www.28hse.com/en/buy/apartment/property-3787465","Discovery Bay","High Floor,NO.20 DISCOVERY BAY ROAD,Coastline Villa-Peninsula Village","1282","10140","13","3","2","Headland Homes Limited","3 Bedrooms , 2 Bathrooms South east Apartment HKR Sea view Luxury"
"https://www.28hse.com/en/buy/apartment/property-3982493","Shatin Dragons Range","Low Floor,TOWER 1,COURT B","1009","12270","12.38","3","2","Century 21 Goodwin Property Cityone","3 Bedrooms , 2 Bathrooms North Apartment Kerry Elegant Include Powder Room"
"https://www.28hse.com/en/buy/apartment/property-3982481","Yau Ma Tei Kiu Kin Mansion","High Floor,Kiu Kin Mansion","902","9534","8.6","2","1","Elite Union Porperty (prince Edward) Limited","2 Bedrooms , 1 Bathroom Stand-alone Building"
"https://www.28hse.com/en/buy/apartment/property-3982478","Hung Hom Royal Peninsula","Low Floor","962","16112","15.5","4",,"Sunrise Property Hk Agency Ltd","4 Bedrooms Apartment SHKP"
"https://www.28hse.com/en/buy/apartment/property-3981666","Kowloon Tong Ava Court","Unit F,High Floor,Ava Court","976","13268","12.95","3",,"Centaline Property","3 Bedrooms North east Apartment Good view Elegant Indoor Car Park"
"https://www.28hse.com/en/buy/apartment/property-3981664","Tai Po Forest Hill","Unit PH-35B,Whole Block,House 35","1379","10877","15","3",,"Centaline Property Agency Limited","3 Bedrooms Apartment Luxury Indoor Car Park"
"https://www.28hse.com/en/buy/apartment/property-3964173","Tai Po Casa Marina","House","1425","10386","14.8","3","2","Century 21 Deluxe Home Property Ltd","3 Bedrooms , 2 Bathrooms Apartment House Henderson Indoor Car Park Include Powder Room"
"https://www.28hse.com/en/buy/apartment/property-3955881","Tai Po The Beverly Hills","Whole Block,PHASE 1","1606","8593","13.8","5+","1","Ricacorp Properties","5+ Bedrooms , 1 Bathroom House Good view Sea view Include Powder Room VR"
"https://www.28hse.com/en/buy/apartment/property-3971732","The Lohas Hemera","Unit RB,Low Floor,TOWER 1","928","12177","11.3","4","3","Centaline Property Agency Limited","4 Bedrooms , 3 Bathrooms North west Apartment Henderson Sea view Good view Luxury"
"https://www.28hse.com/en/buy/apartment/property-3971733","The Lohas Hemera","Mid Floor,TOWER 1","1135","13216","15","4","4","Centaline Property Agency Limited","4 Bedrooms , 4 Bathrooms North west Apartment Henderson Sea view Good view Luxury"
"https://www.28hse.com/en/buy/apartment/property-3981376","Tuen Mun Castle Peak Road Beaulieu Peninsula","High Floor,HOUSE 69,3-STOREY HOUSE","1072","9216","9.88","4","3","Earnest Property Agency Ltd","4 Bedrooms , 3 Bathrooms South Apartment Sea view Ensuite Maid bedroom Balcony Indoor Car Park VR"
"https://www.28hse.com/en/buy/apartment/property-3948719","Ma On Shan Sunshine City","Unit A,High Floor,BLOCK 1,Phase 5","932","15966","14.88","3","2","Centaline Property Agency Limited","3 Bedrooms , 2 Bathrooms North west Apartment Henderson Good view Sea view Swimming Pool View Luxury VR"
"https://www.28hse.com/en/buy/apartment/property-3952388","Ma On Shan Sunshine City","Unit A,High Floor,BLOCK 1,Phase 5","932","15966","14.88","3","2","Centaline Property Agency Limited","3 Bedrooms , 2 Bathrooms North west Apartment Henderson Good view Sea view Swimming Pool View Luxury VR"
"https://www.28hse.com/en/buy/apartment/property-3975072","Shatin Belair Gardens","Low Floor,KINGSTON HEIGHTS--BLOCK K","1093","8783","9.6","3","2","Century 21 Goodwin Property Cityone 2 Branch","3 Bedrooms , 2 Bathrooms North Apartment Chinachem River view"
"https://www.28hse.com/en/buy/apartment/property-3857624","Yuen Long Palm Springs","House","1377","10022","13.8","3","2","Hang Shun Real Estate Strategy Limited","3 Bedrooms , 2 Bathrooms House Elegant Outdoor Car Park"
"https://www.28hse.com/en/buy/apartment/property-3854400","Yuen Long Palm Springs","House","1016","10226","10.39","3","1","Hang Shun Real Estate Strategy Limited","3 Bedrooms , 1 Bathroom House Outdoor Car Park Good view"
"https://www.28hse.com/en/buy/apartment/property-3798647","Yuen Long Palm Springs","House","1371","10795","14.8","3","2","Hang Shun Real Estate Strategy Limited","3 Bedrooms , 2 Bathrooms House Elegant Good view Garden view"
"https://www.28hse.com/en/buy/apartment/property-3219890","Yuen Long Palm Springs","House","967","11262","10.89","3","1","Hang Shun Real Estate Strategy Limited","3 Bedrooms , 1 Bathroom Apartment House Garden view Good view Elegant"
"https://www.28hse.com/en/buy/apartment/property-3228789","Yuen Long Palm Springs","House","1372","10190","13.98","4","2","Hang Shun Real Estate Strategy Limited","4 Bedrooms , 2 Bathrooms House Garden view Good view Luxury"
"https://www.28hse.com/en/buy/apartment/property-3416160","Yuen Long Palm Springs","House","1016","12303","12.5","3","2","Hang Shun Real Estate Strategy Limited","3 Bedrooms , 2 Bathrooms Village House House Garden view Good view Luxury"
"https://www.28hse.com/en/buy/apartment/property-3057639","Yuen Long Palm Springs","House","1372","10058","13.8","3","3","Hang Shun Real Estate Strategy Limited","3 Bedrooms , 3 Bathrooms House Apartment Outdoor Car Park Luxury"
"https://www.28hse.com/en/buy/apartment/property-3675579","Yuen Long Village","1","2100","7048","14.8","4","3","Hang Shun Real Estate Strategy Limited","4 Bedrooms , 3 Bathrooms Village House Apartment"
"https://www.28hse.com/en/buy/apartment/property-3980914","Pak Shek Kok Providence Peak","Low Floor,TOWER 16,BUILDING","1147","11334","13","3","2","Ricacorp Properties","3 Bedrooms , 2 Bathrooms Apartment Sino"
"https://www.28hse.com/en/buy/apartment/property-3946380","Ho Man Tin Belfran Mansion","1","1040","11423","11.88","2","2","Sirius Property Cc Company Limited","2 Bedrooms , 2 Bathrooms Western Style Bldg Stand-alone Building Indoor Car Park"
"https://www.28hse.com/en/buy/apartment/property-3902509","Yau Yat Tsuen Marigold Court","High Floor,Marigold Court","1014","14793","15","3","2","United Properties Limited","3 Bedrooms , 2 Bathrooms South Apartment Good view Elegant Outdoor Car Park Ensuite Maid bedroom MTR nearby Shopping Mall nearby"
"https://www.28hse.com/en/buy/apartment/property-3975938","Tai Po The Paragon","High Floor,BLOCK 12","1109","10009","11.1","3","2","Midland Realty International Limited","3 Bedrooms , 2 Bathrooms Apartment Include Powder Room"
"https://www.28hse.com/en/buy/apartment/property-3939571","Ho Man Tin Waterloo Road","/","996","10843","10.8","3","2","Kar Fook Property Agencys Co.","3 Bedrooms , 2 Bathrooms Apartment Stand-alone Building Good school zone"
"https://www.28hse.com/en/buy/apartment/property-3973636","Tuen Mun Castle Peak Road South Crest","Unit B,Low Floor,South Crest","928","8082","7.5",,,"Century21 Sky On Properties","Apartment Garden view"
"https://www.28hse.com/en/buy/apartment/property-3519354","Tuen Mun San Hing Tsuen(Tuen Mun)","G","1400","5271","7.38","3","3","Tin Chi Property Agency Limited","3 Bedrooms , 3 Bathrooms Village House"
"https://www.28hse.com/en/buy/apartment/property-3945958","North Point Comfort Gardens","Unit C,Mid Floor,BLOCK A","1003","13958","14","3","2","Ricacorp Properties","3 Bedrooms , 2 Bathrooms Apartment Elegant"
"https://www.28hse.com/en/buy/apartment/property-3980434","Tsuen Wan The Cairnhill","Unit A,Mid Floor,BLOCK 8,PHASE 1","1008","12897","13","3","3","Midland Realty International Limited","3 Bedrooms , 3 Bathrooms South Apartment"
"https://www.28hse.com/en/buy/apartment/property-3980420","Fotan Greenwood Terrace","Unit D,Low Floor,BLOCK 24,BUILDING","1143","13123","15","2","2","Ricacorp Properties","2 Bedrooms , 2 Bathrooms Apartment"
"https://www.28hse.com/en/buy/apartment/property-3980356","Ho Man Tin Cheerbond Court","Unit B,Mid Floor,Cheerbond Court","914","15317","14","3","3","Midland Realty International Limited","3 Bedrooms , 3 Bathrooms North Apartment"
"https://www.28hse.com/en/buy/apartment/property-3973202","Kowloon Tong 10-16 Lancashire Road","16","1119","12511","14","3","2","Midland Realty International Limited","3 Bedrooms , 2 Bathrooms North Apartment Good school zone"
"https://www.28hse.com/en/buy/apartment/property-3812648","Mong Kok Kingland Apartments","Mid Floor,Kingland Apartments","1054","8349","8.8","5+","5+","Panda Estate Agent Ltd.","5+ Bedrooms , 5+ Bathrooms Western Style Bldg Stand-alone Building Elegant"
"https://www.28hse.com/en/buy/apartment/property-3980134","Tseung Kwan O Oscar By The Sea","Unit A,Mid Floor,BLOCK 1","1040","13346","13.88","4","2","Midland Realty","4 Bedrooms , 2 Bathrooms South Apartment SHKP Good view Sea view"
"https://www.28hse.com/en/buy/apartment/property-3980082","Tuen Mun Castle Peak Road Aqua Blue","Unit B,Low Floor,BLOCK 1,BUILDING","924","9610","8.88","3","2","Apex Property Agency Ltd","3 Bedrooms , 2 Bathrooms Apartment Carpark"
"https://www.28hse.com/en/buy/apartment/property-3979940","Yuen Long Fairview Park","Whole Block,ZONE O","1035","11884","12.3","3","2","Midland Realty","3 Bedrooms , 2 Bathrooms North east House Apartment Outdoor Car Park Clubhouse Garden"
"https://www.28hse.com/en/buy/apartment/property-3957544","Sheung Shui Eden Garden","1 seat","1089","8999","9.8","2","2","Ricacorp Properties","2 Bedrooms , 2 Bathrooms Apartment Elegant VR"
"https://www.28hse.com/en/buy/apartment/property-3957567","Sheung Shui Miami Crescent","Whole Block,HOUSE NO.31,HOUSE","1795","8189","14.7","4","3","Ricacorp Properties","4 Bedrooms , 3 Bathrooms Apartment House Luxury Indoor Car Park"
"https://www.28hse.com/en/buy/apartment/property-3922745","Clear Water Bay Village House","88","1400","9214","12.9","4","3","Everyday Property","4 Bedrooms , 3 Bathrooms Village House"
"https://www.28hse.com/en/buy/apartment/property-3979585","Fanling Lakeland","House","2100","4762","10","4","3","Elite Union Property (prince Edward) Limited","4 Bedrooms , 3 Bathrooms Apartment House Mountain view Garden view Good view River view Elegant Outdoor Car Park Garden"
"https://www.28hse.com/en/buy/apartment/property-3979454","Yuen Long Park Yoho","Unit B,High Floor,TOWER 35A,PARK YOHO MILANO","982","16090","15.8","3","2","Midland Realty","3 Bedrooms , 2 Bathrooms North Apartment SHKP Include Powder Room"
"https://www.28hse.com/en/buy/apartment/property-3176207","Sheung Shui Village","House","2100","6181","12.98","5+","5+","88 Property Company Limited","5+ Bedrooms , 5+ Bathrooms Village House Apartment House Outdoor Car Park Good view Mountain view Luxury"
"https://www.28hse.com/en/buy/apartment/property-3979131","Ho Man Tin Miami Mansion","Unit 1,High Floor,Miami Mansion","1037","12729","13.2","3","2","Grand Harvest Property Agency Co., Limited","3 Bedrooms , 2 Bathrooms Stand-alone Building Elegant With tenant agreement Balcony Ensuite Maid bedroom Good school zone"
"https://www.28hse.com/en/buy/apartment/property-3960512","Pak Shek Kok Providence Peak","Mid Floor,TOWER 9,BUILDING","1136","11708","13.3","3","2","Century 21 Property Agency (pak Shek Kok) Limited","3 Bedrooms , 2 Bathrooms Apartment Sino Swimming Pool View Ensuite Maid bedroom"
"https://www.28hse.com/en/buy/apartment/property-3960533","Pak Shek Kok The Graces Providence Bay","Mid Floor,TOWER 6,BUILDING","1083","12909","13.98","3","2","Century 21 Property Agency (pak Shek Kok) Limited","3 Bedrooms , 2 Bathrooms Apartment Sino Ensuite Sea view"
"https://www.28hse.com/en/buy/apartment/property-3960563","Tai Po Villa Lucca","Mid Floor,TOWER 2,BUILDING","1160","13793","16","3","2","Century 21 Property Agency (pak Shek Kok) Limited","3 Bedrooms , 2 Bathrooms Apartment Hysan Ensuite Maid bedroom VR"
"https://www.28hse.com/en/buy/apartment/property-3967626","Tung Chung Caribbean Coast","Unit H,Mid Floor,TOWER 3,Phase 1 Monterey Cove","956","9121","8.72","3",,"Ricacorp Properties","3 Bedrooms North west Apartment CK Asset Good view Garden view Sea view VR"
"https://www.28hse.com/en/buy/apartment/property-3975672","Yau Tong Peninsula East","Unit A,Low Floor,TOWER 1","931","14823","13.8","3",,"Midland Realty International Limited","3 Bedrooms North west Apartment Wheelock"
"https://www.28hse.com/en/buy/apartment/property-3973839","North Point City Garden","Low Floor,BLOCK 7","1010","12455","12.58","3","2","Shun Tak Property Agency Company Limited","3 Bedrooms , 2 Bathrooms Apartment CK Asset Sea view Maid bedroom Ensuite Clubhouse MTR nearby Balcony Good school zone"
"https://www.28hse.com/en/buy/apartment/property-3857355","North Point City Garden","Mid Floor,BLOCK 8","947","14256","13.5","3","2","Shun Tak Property Agency Company Limited","3 Bedrooms , 2 Bathrooms Apartment CK Asset Clubhouse Maid bedroom Ensuite MTR nearby Good view Garden view Elegant"
"https://www.28hse.com/en/buy/apartment/property-2979663","Fanling Village","H","2100","6905","14.5","5+",,"88 Property Company Limited","5+ Bedrooms Village House Mountain view Good view Elegant Outdoor Car Park Garden Roof top Ensuite Maid bedroom"
"https://www.28hse.com/en/buy/apartment/property-3949923","Tai Po Mont Vert","Mid Floor,TOWER 8,PHASE I","942","9745","9.18","3","2","Century 21 Deluxe Home Property Ltd","3 Bedrooms , 2 Bathrooms East Apartment CK Asset Garden view Mountain view Simple"
"https://www.28hse.com/en/buy/apartment/property-3949969","Tai Po Mont Vert","Unit G,Low Floor,TOWER 5,PHASE I","933","9753","9.1","3","3","Century 21 Deluxe Home Property Ltd","3 Bedrooms , 3 Bathrooms Apartment CK Asset Ensuite Garden Clubhouse"
"https://www.28hse.com/en/buy/apartment/property-3978785","Yuen Long Palm Springs","Whole Block,Phase 1C (Westwood) Michelia","1377","10022","13.8","3","3","Midland Realty International Limited","3 Bedrooms , 3 Bathrooms South Apartment House Good view Garden view Elegant MTR nearby Shopping Mall nearby Clubhouse"
"https://www.28hse.com/en/buy/apartment/property-3949421","North Point Mid Kent Mansion","Low Floor,Kent Mansion","962","10790","10.38","3","2","Lik Ka Property Consultant Company Limited","3 Bedrooms , 2 Bathrooms Apartment"
"https://www.28hse.com/en/buy/apartment/property-3788273","Tai Wai The Riverpark","Unit B,Low Floor,TOWER 3","934","17109","15.98","3","2","Elite Union (hua Liang) Realty Limited","3 Bedrooms , 2 Bathrooms Apartment River view"
"https://www.28hse.com/en/buy/apartment/property-3071089","South Lantau Island Pui O Village House","full layer","2000","7900","15.8","4","3","Aria Property Limited","4 Bedrooms , 3 Bathrooms Village House Mountain view Elegant Outdoor Car Park Garden Roof top Ensuite Maid bedroom"
"https://www.28hse.com/en/buy/apartment/property-3978254","Pak Shek Kok Providence Bay","Unit D,High Floor,TOWER 7,大廈","1099","12557","13.8","4","2","Y & K Properties Limited","4 Bedrooms , 2 Bathrooms South west Apartment Sino Garden view Swimming Pool View Luxury Balcony Clubhouse"
"https://www.28hse.com/en/buy/apartment/property-3978170","Yuen Long Fairview Park","Whole Block,ZONE A","915","12022","11","3",,"Midland Realty International Limited","3 Bedrooms Apartment"
"https://www.28hse.com/en/buy/apartment/property-3978007","Fanling Dawning Views","Unit E,High Floor,BLOCK 12","1074","10987","11.8","4",,"Centaline Property","4 Bedrooms South west Apartment Henderson"
"https://www.28hse.com/en/buy/apartment/property-3977747","Tai Wai Shatin Heights","Unit 2,Mid Floor,BLOCK H","1294","9274","12","3","2","Centaline Property Agency Ltd","3 Bedrooms , 2 Bathrooms Apartment"
"https://www.28hse.com/en/buy/apartment/property-3977697","Yuen Long Fairview Park","Whole Block,ZONE O","1035","11884","12.3","2",,"Centaline Property Agency Limited","2 Bedrooms Apartment"
"https://www.28hse.com/en/buy/apartment/property-3977689","Yuen Long Royal Palms","Whole Block,PASADENA AVENUE","1495","10368","15.5","3",,"Centaline Property Agency Limited","3 Bedrooms Apartment SHKP"
"https://www.28hse.com/en/buy/apartment/property-3977552","Baguio Villa","Unit C,Low Floor,BLOCK 26","976","14857","14.5","2",,"Ricacorp Properties","2 Bedrooms Apartment New World Sea view Elegant"
"https://www.28hse.com/en/buy/apartment/property-3814692","Tai Wai Parc Royale","Mid Floor,TOWER 2","1241","12490","15.5","4","2","Festival Home Property Agency Limited","4 Bedrooms , 2 Bathrooms Apartment Wheelock Elegant"
"https://www.28hse.com/en/buy/apartment/property-3977381","Kowloon Tong Beverly Villas","Unit D,High Floor,BLOCK 1","1212","13201","16","3",,"Midland Realty International Limited","3 Bedrooms South Apartment CK Asset"
"https://www.28hse.com/en/buy/apartment/property-3977365","Kowloon Tong Merryland Court","Unit A,High Floor,Merryland Court","969","15480","15","2",,"Midland Realty International Limited","2 Bedrooms South Apartment"
"https://www.28hse.com/en/buy/apartment/property-3977299","Ho Man Tin Harita Court","Unit ST-197,Low Floor,Harita Court","938","13326","12.5","3","2","Midland Realty International Limited","3 Bedrooms , 2 Bathrooms North west Apartment"
"https://www.28hse.com/en/buy/apartment/property-3952892","The Lohas Lp6","Unit D,Mid Floor,TOWER 1 LP6","906","16004","14.5","3","2","Ricacorp","3 Bedrooms , 2 Bathrooms South west Apartment Nan Fung Sea view"
"https://www.28hse.com/en/buy/apartment/property-3977234","Yuen Long Palm Springs","Whole Block,Phase 1A (Monterey) Begonia Path","1014","11124","11.28","3","2","Midland Reality","3 Bedrooms , 2 Bathrooms South east Apartment"
"https://www.28hse.com/en/buy/apartment/property-3977227","Yuen Long Palm Springs","Whole Block,Phase 1C (Westwood) Orchid","1371","10576","14.5","3","2","Midland Reality","3 Bedrooms , 2 Bathrooms North House Apartment"
"https://www.28hse.com/en/buy/apartment/property-3886187","Tuen Mun Castle Peak Road Faraday House","Unit B,Low Floor,BLOCK 2","1761","5270","9.28","3","2","T T Property","3 Bedrooms , 2 Bathrooms Apartment Garden view Mountain view Building view Good view Ensuite Balcony Garden Maid bedroom"
"https://www.28hse.com/en/buy/apartment/property-3805174","South Lantau Island Village","Whole Floor","2100","5619","11.8","5+","4","Aria Property Limited","5+ Bedrooms , 4 Bathrooms Village House Mountain view Garden Roof top Ensuite Maid bedroom"
"https://www.28hse.com/en/buy/apartment/property-3949776","Ho Man Tin Nin Fung Building","Unit B,Mid Floor,Nin Fung Building","995","9548","9.5","3","2","Wah Shing Property Agency","3 Bedrooms , 2 Bathrooms Stand-alone Building"
"https://www.28hse.com/en/buy/apartment/property-3976506","Hung Hom Royal Peninsula","Low Floor","948","16350","15.5","4",,"Sunrise Property Hk Agency Ltd","4 Bedrooms Apartment SHKP"
"https://www.28hse.com/en/buy/apartment/property-3976357","Shatin Forest Hill","Unit 1,Mid Floor,BLOCK B","934","13919","13","3",,"Centaline Property Agency Limited","3 Bedrooms South east Apartment Mountain view Good view Elegant"
"https://www.28hse.com/en/buy/apartment/property-3976349","Tsim Sha Tsui Hilton Towers","High Floor,Hilton Towers","958","15136","14.5","3","2","Sirius Property Development Company Limited","3 Bedrooms , 2 Bathrooms Apartment Western Style Bldg Stand-alone Building Good view City view Elegant MTR nearby Shopping Mall nearby"
"https://www.28hse.com/en/buy/apartment/property-3961563","Tuen Mun Castle Peak Road Palatial Coast","Mid Floor,BLOCK 3,GRAND PACIFIC VIEW","1187","8408","9.98","4","3","Earnest Property Agency Ltd","4 Bedrooms , 3 Bathrooms South Apartment Sea view Indoor Car Park Ensuite Maid bedroom Clubhouse VR"
"https://www.28hse.com/en/buy/apartment/property-3976297","Tung Chung Caribbean Coast","Unit H,Mid Floor,TOWER 3,Phase 1 Monterey Cove","956","9367","8.96","3","2","Centaline Property","3 Bedrooms , 2 Bathrooms North west Apartment CK Asset Good view Sea view Swimming Pool View"
"https://www.28hse.com/en/buy/apartment/property-3952930","Tsim Sha Tsui Apartment","4","1025","10537","10.8","2","1","Kong Ho Properties Investment","2 Bedrooms , 1 Bathroom Tong Lau Good view Building view City view"
"https://www.28hse.com/en/buy/apartment/property-3976070","Hung Shui Kiu Kisland Villa","Unit C,Mid Floor,BLOCK 1","927","7961","7.38","4","2","Centaline Property","4 Bedrooms , 2 Bathrooms North west Apartment Elegant"
"https://www.28hse.com/en/buy/apartment/property-3790528","Tai Wai Parc Royale","Mid Floor,TOWER 1","1241","12571","15.6",,,"Festival Home Property Agency Limited","Apartment Wheelock Garden view Good view Indoor Car Park"
"https://www.28hse.com/en/buy/apartment/property-3556029","Sheung Shui Hang Tau Tsuen","House","1700","3341","5.68","4","3","Tenstar Property Limited","4 Bedrooms , 3 Bathrooms Village House House"
"https://www.28hse.com/en/buy/apartment/property-3975911","Hung Shui Kiu Uptown","Whole Block,HOUSE","1475","10034","14.8","5+","3","Midland Realty","5+ Bedrooms , 3 Bathrooms Apartment CK Asset Good view Simple Indoor Car Park Garden Ensuite Clubhouse"
"https://www.28hse.com/en/buy/apartment/property-3975872","Mei Foo Mei Foo Sun Chuen","Unit B,Mid Floor,NO.40 NASSAU STREET,PHASE 6","1109","12606","13.98","3","2","Midland Realty International Limited","3 Bedrooms , 2 Bathrooms South east Apartment New World Mountain view Good view Luxury"
"https://www.28hse.com/en/buy/apartment/property-3907354","Tai Po Ha Wong Yi Au","2-3","1400","7857","11","3","2","Owner (landlord)","3 Bedrooms , 2 Bathrooms landlord Village House Elegant"
"https://www.28hse.com/en/buy/apartment/property-3975703","Tai Po Hong Lok Yuen","Whole Block,HOUSE NO. 73,Hong Lok Road West","1037","11572","12","3",,"Centaline Property","3 Bedrooms Apartment Indoor Car Park Terrace Duplex Apartment"
"https://www.28hse.com/en/buy/apartment/property-2279043","Fanling Village","House","2100","6181","12.98","5+","4","Harmony Property Group Ltd","5+ Bedrooms , 4 Bathrooms Village House House Mountain view Garden view River view Elegant Outdoor Car Park Garden Roof top"
"https://www.28hse.com/en/buy/apartment/property-3975639","Tai Po Savanna Garden","Mid Floor,BLOCK 49,BUILDING","962","9231","8.88","3","2","Ricacorp Properties","3 Bedrooms , 2 Bathrooms Apartment Good view Indoor Car Park"
"https://www.28hse.com/en/buy/apartment/property-3975270","Ho Man Tin The Arcadia","High Floor,BLOCK 1,BUILDING","952","15231","14.5","3","2","Midland Realty International Limited","3 Bedrooms , 2 Bathrooms North east Apartment Sino Elegant Indoor Car Park"
"https://www.28hse.com/en/buy/apartment/property-3975137","Shatin Lakeview Garden","Mid Floor,TOWER 2,BUILDING","1017","9341","9.5","3","2","Century 21 Goodwin Property Cityone","3 Bedrooms , 2 Bathrooms Apartment Nan Fung Mountain view Indoor Car Park"
"https://www.28hse.com/en/buy/apartment/property-3974971","Quarry Bay Kornhill","Unit 16,Mid Floor,BLOCK M","922","15184","14","3","2","Ricacorp Properties","3 Bedrooms , 2 Bathrooms North east Apartment Hang Lung Mountain view Garden view Good view City view Elegant"
"https://www.28hse.com/en/buy/apartment/property-3974899","Ho Man Tin 1 Perth Street","Bafu Building","1270","11024","14","3",,"Centaline","3 Bedrooms South east Apartment City view VR"
"https://www.28hse.com/en/buy/apartment/property-3974874","Tsuen Wan Sham Tseng Bellagio","Unit B,Low Floor,TOWER 2","935","13048","12.2","3","2","Centaline Property","3 Bedrooms , 2 Bathrooms West Apartment Wheelock Sea view"
"https://www.28hse.com/en/buy/apartment/property-3369321","Sheung Shui Village","have","2100","4048","8.5","5+","3","Kash Property Consultant Co., Ltd","5+ Bedrooms , 3 Bathrooms Village House"
"https://www.28hse.com/en/buy/apartment/property-3974815","Ho Man Tin Yee On Court","Unit 3,High Floor,BLOCK A","976","12807","12.5","3",,"Centaline","3 Bedrooms North west Apartment Mountain view"
"https://www.28hse.com/en/buy/apartment/property-3974761","Tung Chung Caribbean Coast","Unit H,Low Floor,TOWER 9,Phase 3 Carmel Cove","927","10680","9.9","3","2","Centaline Property Agency Limited","3 Bedrooms , 2 Bathrooms Apartment CK Asset Luxury Swimming Pool View Good view"
"https://www.28hse.com/en/buy/apartment/property-3974688","Tuen Mun San Hing Tsuen(Tuen Mun)","G/F&1/F","1260","6032","7.6","3","2","Richview Property Agency Co. Limited","3 Bedrooms , 2 Bathrooms Village House Garden Duplex Apartment"
"https://www.28hse.com/en/buy/apartment/property-3974617","Tsim Sha Tsui Hankow Centre","Mid Floor,BLOCK A","905","10663","9.65",,,"Billions Property Services (agency) Limited","Stand-alone Building"
"https://www.28hse.com/en/buy/apartment/property-3946735","Hung Hom Royal Peninsula","Low Floor","1051","13606","14.3","3",,"Sunrise Property Hk Agency Ltd","3 Bedrooms Apartment SHKP"
"https://www.28hse.com/en/buy/apartment/property-3949412","Ho Man Tin Nin Fung Building","Mid Floor,Nin Fung Building","995","9548","9.5","3","2","Hey Home Property Limited","3 Bedrooms , 2 Bathrooms Apartment Western Style Bldg Stand-alone Building"
"https://www.28hse.com/en/buy/apartment/property-3974480","Ho Man Tin Grand Court","Unit B,Mid Floor,TOWER 2","1095","14429","15.8","3",,"Centaline","3 Bedrooms Apartment Luxury Garden view Indoor Car Park"
"https://www.28hse.com/en/buy/apartment/property-3974467","Ho Man Tin Yee On Court","Unit 2,Mid Floor,BLOCK A","976","14139","13.8","3","2","Centaline","3 Bedrooms , 2 Bathrooms South east Apartment Good view Outdoor Car Park Elegant"
"https://www.28hse.com/en/buy/apartment/property-3974402","Ho Man Tin Tip Top Mansion","Unit A,High Floor,Tip Top Mansion","1346","10773","14.5","3",,"Midland Realty International Limited","3 Bedrooms North east Apartment"
"https://www.28hse.com/en/buy/apartment/property-3950133","Tuen Mun Castle Peak Road The Hillgrove","Low Floor,CRESCENT V","1335","8989","12",,,"Earnest Property Agency Ltd","Apartment Wing Tai Garden view Garden Clubhouse Ensuite Indoor Car Park"
"https://www.28hse.com/en/buy/apartment/property-3974206","Yau Yat Tsuen Beacon Heights","Mid Floor,BLOCK 19","905","14365","13","3","2","Midland Realty International Limited","3 Bedrooms , 2 Bathrooms South east Apartment Indoor Car Park Balcony Maid bedroom"
"https://www.28hse.com/en/buy/apartment/property-3642592","Yau Yat Tsuen Grandeur Villa","Mid Floor,BLOCK 4","926","17063","15.8","4","3","Collin Realty Limited","4 Bedrooms , 3 Bathrooms Western Style Bldg Apartment Lai Sun Good view Indoor Car Park MTR nearby Maid bedroom Ensuite Clubhouse"
"https://www.28hse.com/en/buy/apartment/property-3974093","Fotan Rosary Villas","High Floor,Block 10","1431","10832","15.5","3",,"Midland Realty","3 Bedrooms South east Apartment Outdoor Car Park"
"https://www.28hse.com/en/buy/apartment/property-3806534","Tuen Mun Village","Full thickness","1400","5429","7.6","3","2","Easy House Property","3 Bedrooms , 2 Bathrooms South east Village House Good view Elegant Garden Balcony Duplex Apartment Whole floor MTR nearby"
"https://www.28hse.com/en/buy/apartment/property-3973899","The Lohas Hemera","Unit LB,Mid Floor,TOWER 1","1135","13216","15","4","3","Centaline Property","4 Bedrooms , 3 Bathrooms North west Apartment Henderson Good view Sea view"
"https://www.28hse.com/en/buy/apartment/property-2976373","Yuen Long Village","x","1800","5222","9.4","3","1","Yan Shing Property Agency","3 Bedrooms , 1 Bathroom South Village House Good view Building view Elegant"
"https://www.28hse.com/en/buy/apartment/property-3973772","Tai Wai Tai Wai Village","1","1800","7222","13","5+","3","Festival Home Property Ltd.","5+ Bedrooms , 3 Bathrooms Village House Roof top Duplex Apartment Whole floor MTR nearby"
"https://www.28hse.com/en/buy/apartment/property-798930","Sheung Shui Village","W/F","1890","5820","11","5+","3","Wai Tin Property Agency Limited","5+ Bedrooms , 3 Bathrooms North west Village House Good view Luxury Outdoor Car Park Garden Balcony Roof top Maid bedroom"
"https://www.28hse.com/en/buy/apartment/property-2373407","Tuen Mun Village","W/F","1980","4030","7.98","5+","3","Wai Tin Property Agency Limited","5+ Bedrooms , 3 Bathrooms Village House Good view Balcony Roof top"
"https://www.28hse.com/en/buy/apartment/property-3973759","Hung Shui Kiu La Mansion","Whole Block,HOUSE 39,洋房","1601","9244","14.8","4","3","Midland Realty","4 Bedrooms , 3 Bathrooms Apartment CK Asset Good view Elegant Outdoor Car Park Garden Ensuite"
"https://www.28hse.com/en/buy/apartment/property-3973618","Sai Kung Rise Park Villas","13 seats","1574","9212","14.5","4",,"Midland Realty","4 Bedrooms Apartment"
"https://www.28hse.com/en/buy/apartment/property-3973597","Clear Water Bay Hillview Court","Unit C,High Floor,BLOCK 3","997","12036","12","3",,"Midland Realty","3 Bedrooms Apartment Roof top Maid bedroom Good school zone"
